2026-01-17 17:10:08 [ERROR]: Uncaught Exception: listen EADDRINUSE: address already in use :::5000
2026-01-18 16:01:08 [ERROR]: Not authorized to access this route
Error: Not authorized to access this route
    at C:\Users\shrav\OneDrive\Desktop\HIS Quasar\HIS_Quasar\hospital-his-backend\middleware\auth.middleware.js:28:21
    at C:\Users\shrav\OneDrive\Desktop\HIS Quasar\HIS_Quasar\hospital-his-backend\utils\asyncHandler.js:7:21
    at Layer.handle [as handle_request] (C:\Users\shrav\OneDrive\Desktop\HIS Quasar\HIS_Quasar\hospital-his-backend\node_modules\express\lib\router\layer.js:95:5)
    at trim_prefix (C:\Users\shrav\OneDrive\Desktop\HIS Quasar\HIS_Quasar\hospital-his-backend\node_modules\express\lib\router\index.js:328:13)
    at C:\Users\shrav\OneDrive\Desktop\HIS Quasar\HIS_Quasar\hospital-his-backend\node_modules\express\lib\router\index.js:286:9
    at router.process_params (C:\Users\shrav\OneDrive\Desktop\HIS Quasar\HIS_Quasar\hospital-his-backend\node_modules\express\lib\router\index.js:346:12)
    at next (C:\Users\shrav\OneDrive\Desktop\HIS Quasar\HIS_Quasar\hospital-his-backend\node_modules\express\lib\router\index.js:280:10)
    at router.handle (C:\Users\shrav\OneDrive\Desktop\HIS Quasar\HIS_Quasar\hospital-his-backend\node_modules\express\lib\router\index.js:175:3)
    at router (C:\Users\shrav\OneDrive\Desktop\HIS Quasar\HIS_Quasar\hospital-his-backend\node_modules\express\lib\router\index.js:47:12)
    at Layer.handle [as handle_request] (C:\Users\shrav\OneDrive\Desktop\HIS Quasar\HIS_Quasar\hospital-his-backend\node_modules\express\lib\router\layer.js:95:5)
2026-01-18 16:03:03 [ERROR]: Not authorized to access this route
Error: Not authorized to access this route
    at C:\Users\shrav\OneDrive\Desktop\HIS Quasar\HIS_Quasar\hospital-his-backend\middleware\auth.middleware.js:28:21
    at C:\Users\shrav\OneDrive\Desktop\HIS Quasar\HIS_Quasar\hospital-his-backend\utils\asyncHandler.js:7:21
    at Layer.handle [as handle_request] (C:\Users\shrav\OneDrive\Desktop\HIS Quasar\HIS_Quasar\hospital-his-backend\node_modules\express\lib\router\layer.js:95:5)
    at trim_prefix (C:\Users\shrav\OneDrive\Desktop\HIS Quasar\HIS_Quasar\hospital-his-backend\node_modules\express\lib\router\index.js:328:13)
    at C:\Users\shrav\OneDrive\Desktop\HIS Quasar\HIS_Quasar\hospital-his-backend\node_modules\express\lib\router\index.js:286:9
    at router.process_params (C:\Users\shrav\OneDrive\Desktop\HIS Quasar\HIS_Quasar\hospital-his-backend\node_modules\express\lib\router\index.js:346:12)
    at next (C:\Users\shrav\OneDrive\Desktop\HIS Quasar\HIS_Quasar\hospital-his-backend\node_modules\express\lib\router\index.js:280:10)
    at router.handle (C:\Users\shrav\OneDrive\Desktop\HIS Quasar\HIS_Quasar\hospital-his-backend\node_modules\express\lib\router\index.js:175:3)
    at router (C:\Users\shrav\OneDrive\Desktop\HIS Quasar\HIS_Quasar\hospital-his-backend\node_modules\express\lib\router\index.js:47:12)
    at Layer.handle [as handle_request] (C:\Users\shrav\OneDrive\Desktop\HIS Quasar\HIS_Quasar\hospital-his-backend\node_modules\express\lib\router\layer.js:95:5)
2026-01-18 16:03:03 [ERROR]: Not authorized to access this route
Error: Not authorized to access this route
    at C:\Users\shrav\OneDrive\Desktop\HIS Quasar\HIS_Quasar\hospital-his-backend\middleware\auth.middleware.js:28:21
    at C:\Users\shrav\OneDrive\Desktop\HIS Quasar\HIS_Quasar\hospital-his-backend\utils\asyncHandler.js:7:21
    at Layer.handle [as handle_request] (C:\Users\shrav\OneDrive\Desktop\HIS Quasar\HIS_Quasar\hospital-his-backend\node_modules\express\lib\router\layer.js:95:5)
    at trim_prefix (C:\Users\shrav\OneDrive\Desktop\HIS Quasar\HIS_Quasar\hospital-his-backend\node_modules\express\lib\router\index.js:328:13)
    at C:\Users\shrav\OneDrive\Desktop\HIS Quasar\HIS_Quasar\hospital-his-backend\node_modules\express\lib\router\index.js:286:9
    at router.process_params (C:\Users\shrav\OneDrive\Desktop\HIS Quasar\HIS_Quasar\hospital-his-backend\node_modules\express\lib\router\index.js:346:12)
    at next (C:\Users\shrav\OneDrive\Desktop\HIS Quasar\HIS_Quasar\hospital-his-backend\node_modules\express\lib\router\index.js:280:10)
    at router.handle (C:\Users\shrav\OneDrive\Desktop\HIS Quasar\HIS_Quasar\hospital-his-backend\node_modules\express\lib\router\index.js:175:3)
    at router (C:\Users\shrav\OneDrive\Desktop\HIS Quasar\HIS_Quasar\hospital-his-backend\node_modules\express\lib\router\index.js:47:12)
    at Layer.handle [as handle_request] (C:\Users\shrav\OneDrive\Desktop\HIS Quasar\HIS_Quasar\hospital-his-backend\node_modules\express\lib\router\layer.js:95:5)
2026-01-18 16:03:03 [ERROR]: Not authorized to access this route
Error: Not authorized to access this route
    at C:\Users\shrav\OneDrive\Desktop\HIS Quasar\HIS_Quasar\hospital-his-backend\middleware\auth.middleware.js:28:21
    at C:\Users\shrav\OneDrive\Desktop\HIS Quasar\HIS_Quasar\hospital-his-backend\utils\asyncHandler.js:7:21
    at Layer.handle [as handle_request] (C:\Users\shrav\OneDrive\Desktop\HIS Quasar\HIS_Quasar\hospital-his-backend\node_modules\express\lib\router\layer.js:95:5)
    at trim_prefix (C:\Users\shrav\OneDrive\Desktop\HIS Quasar\HIS_Quasar\hospital-his-backend\node_modules\express\lib\router\index.js:328:13)
    at C:\Users\shrav\OneDrive\Desktop\HIS Quasar\HIS_Quasar\hospital-his-backend\node_modules\express\lib\router\index.js:286:9
    at router.process_params (C:\Users\shrav\OneDrive\Desktop\HIS Quasar\HIS_Quasar\hospital-his-backend\node_modules\express\lib\router\index.js:346:12)
    at next (C:\Users\shrav\OneDrive\Desktop\HIS Quasar\HIS_Quasar\hospital-his-backend\node_modules\express\lib\router\index.js:280:10)
    at router.handle (C:\Users\shrav\OneDrive\Desktop\HIS Quasar\HIS_Quasar\hospital-his-backend\node_modules\express\lib\router\index.js:175:3)
    at router (C:\Users\shrav\OneDrive\Desktop\HIS Quasar\HIS_Quasar\hospital-his-backend\node_modules\express\lib\router\index.js:47:12)
    at Layer.handle [as handle_request] (C:\Users\shrav\OneDrive\Desktop\HIS Quasar\HIS_Quasar\hospital-his-backend\node_modules\express\lib\router\layer.js:95:5)
2026-01-18 16:03:30 [ERROR]: Not authorized to access this route
Error: Not authorized to access this route
    at C:\Users\shrav\OneDrive\Desktop\HIS Quasar\HIS_Quasar\hospital-his-backend\middleware\auth.middleware.js:28:21
    at C:\Users\shrav\OneDrive\Desktop\HIS Quasar\HIS_Quasar\hospital-his-backend\utils\asyncHandler.js:7:21
    at Layer.handle [as handle_request] (C:\Users\shrav\OneDrive\Desktop\HIS Quasar\HIS_Quasar\hospital-his-backend\node_modules\express\lib\router\layer.js:95:5)
    at trim_prefix (C:\Users\shrav\OneDrive\Desktop\HIS Quasar\HIS_Quasar\hospital-his-backend\node_modules\express\lib\router\index.js:328:13)
    at C:\Users\shrav\OneDrive\Desktop\HIS Quasar\HIS_Quasar\hospital-his-backend\node_modules\express\lib\router\index.js:286:9
    at router.process_params (C:\Users\shrav\OneDrive\Desktop\HIS Quasar\HIS_Quasar\hospital-his-backend\node_modules\express\lib\router\index.js:346:12)
    at next (C:\Users\shrav\OneDrive\Desktop\HIS Quasar\HIS_Quasar\hospital-his-backend\node_modules\express\lib\router\index.js:280:10)
    at router.handle (C:\Users\shrav\OneDrive\Desktop\HIS Quasar\HIS_Quasar\hospital-his-backend\node_modules\express\lib\router\index.js:175:3)
    at router (C:\Users\shrav\OneDrive\Desktop\HIS Quasar\HIS_Quasar\hospital-his-backend\node_modules\express\lib\router\index.js:47:12)
    at Layer.handle [as handle_request] (C:\Users\shrav\OneDrive\Desktop\HIS Quasar\HIS_Quasar\hospital-his-backend\node_modules\express\lib\router\layer.js:95:5)
2026-01-18 16:03:30 [ERROR]: Not authorized to access this route
Error: Not authorized to access this route
    at C:\Users\shrav\OneDrive\Desktop\HIS Quasar\HIS_Quasar\hospital-his-backend\middleware\auth.middleware.js:28:21
    at C:\Users\shrav\OneDrive\Desktop\HIS Quasar\HIS_Quasar\hospital-his-backend\utils\asyncHandler.js:7:21
    at Layer.handle [as handle_request] (C:\Users\shrav\OneDrive\Desktop\HIS Quasar\HIS_Quasar\hospital-his-backend\node_modules\express\lib\router\layer.js:95:5)
    at trim_prefix (C:\Users\shrav\OneDrive\Desktop\HIS Quasar\HIS_Quasar\hospital-his-backend\node_modules\express\lib\router\index.js:328:13)
    at C:\Users\shrav\OneDrive\Desktop\HIS Quasar\HIS_Quasar\hospital-his-backend\node_modules\express\lib\router\index.js:286:9
    at router.process_params (C:\Users\shrav\OneDrive\Desktop\HIS Quasar\HIS_Quasar\hospital-his-backend\node_modules\express\lib\router\index.js:346:12)
    at next (C:\Users\shrav\OneDrive\Desktop\HIS Quasar\HIS_Quasar\hospital-his-backend\node_modules\express\lib\router\index.js:280:10)
    at router.handle (C:\Users\shrav\OneDrive\Desktop\HIS Quasar\HIS_Quasar\hospital-his-backend\node_modules\express\lib\router\index.js:175:3)
    at router (C:\Users\shrav\OneDrive\Desktop\HIS Quasar\HIS_Quasar\hospital-his-backend\node_modules\express\lib\router\index.js:47:12)
    at Layer.handle [as handle_request] (C:\Users\shrav\OneDrive\Desktop\HIS Quasar\HIS_Quasar\hospital-his-backend\node_modules\express\lib\router\layer.js:95:5)
2026-01-18 16:03:31 [ERROR]: Not authorized to access this route
Error: Not authorized to access this route
    at C:\Users\shrav\OneDrive\Desktop\HIS Quasar\HIS_Quasar\hospital-his-backend\middleware\auth.middleware.js:28:21
    at C:\Users\shrav\OneDrive\Desktop\HIS Quasar\HIS_Quasar\hospital-his-backend\utils\asyncHandler.js:7:21
    at Layer.handle [as handle_request] (C:\Users\shrav\OneDrive\Desktop\HIS Quasar\HIS_Quasar\hospital-his-backend\node_modules\express\lib\router\layer.js:95:5)
    at trim_prefix (C:\Users\shrav\OneDrive\Desktop\HIS Quasar\HIS_Quasar\hospital-his-backend\node_modules\express\lib\router\index.js:328:13)
    at C:\Users\shrav\OneDrive\Desktop\HIS Quasar\HIS_Quasar\hospital-his-backend\node_modules\express\lib\router\index.js:286:9
    at router.process_params (C:\Users\shrav\OneDrive\Desktop\HIS Quasar\HIS_Quasar\hospital-his-backend\node_modules\express\lib\router\index.js:346:12)
    at next (C:\Users\shrav\OneDrive\Desktop\HIS Quasar\HIS_Quasar\hospital-his-backend\node_modules\express\lib\router\index.js:280:10)
    at router.handle (C:\Users\shrav\OneDrive\Desktop\HIS Quasar\HIS_Quasar\hospital-his-backend\node_modules\express\lib\router\index.js:175:3)
    at router (C:\Users\shrav\OneDrive\Desktop\HIS Quasar\HIS_Quasar\hospital-his-backend\node_modules\express\lib\router\index.js:47:12)
    at Layer.handle [as handle_request] (C:\Users\shrav\OneDrive\Desktop\HIS Quasar\HIS_Quasar\hospital-his-backend\node_modules\express\lib\router\layer.js:95:5)
2026-01-18 16:03:31 [ERROR]: Not authorized to access this route
Error: Not authorized to access this route
    at C:\Users\shrav\OneDrive\Desktop\HIS Quasar\HIS_Quasar\hospital-his-backend\middleware\auth.middleware.js:28:21
    at C:\Users\shrav\OneDrive\Desktop\HIS Quasar\HIS_Quasar\hospital-his-backend\utils\asyncHandler.js:7:21
    at Layer.handle [as handle_request] (C:\Users\shrav\OneDrive\Desktop\HIS Quasar\HIS_Quasar\hospital-his-backend\node_modules\express\lib\router\layer.js:95:5)
    at trim_prefix (C:\Users\shrav\OneDrive\Desktop\HIS Quasar\HIS_Quasar\hospital-his-backend\node_modules\express\lib\router\index.js:328:13)
    at C:\Users\shrav\OneDrive\Desktop\HIS Quasar\HIS_Quasar\hospital-his-backend\node_modules\express\lib\router\index.js:286:9
    at router.process_params (C:\Users\shrav\OneDrive\Desktop\HIS Quasar\HIS_Quasar\hospital-his-backend\node_modules\express\lib\router\index.js:346:12)
    at next (C:\Users\shrav\OneDrive\Desktop\HIS Quasar\HIS_Quasar\hospital-his-backend\node_modules\express\lib\router\index.js:280:10)
    at router.handle (C:\Users\shrav\OneDrive\Desktop\HIS Quasar\HIS_Quasar\hospital-his-backend\node_modules\express\lib\router\index.js:175:3)
    at router (C:\Users\shrav\OneDrive\Desktop\HIS Quasar\HIS_Quasar\hospital-his-backend\node_modules\express\lib\router\index.js:47:12)
    at Layer.handle [as handle_request] (C:\Users\shrav\OneDrive\Desktop\HIS Quasar\HIS_Quasar\hospital-his-backend\node_modules\express\lib\router\layer.js:95:5)
2026-01-18 16:22:28 [ERROR]: Patient validation failed: patientId: Path `patientId` is required.
ValidationError: Patient validation failed: patientId: Path `patientId` is required.
    at Document.invalidate (C:\Users\shrav\OneDrive\Desktop\HIS Quasar\HIS_Quasar\hospital-his-backend\node_modules\mongoose\lib\document.js:3221:32)
    at C:\Users\shrav\OneDrive\Desktop\HIS Quasar\HIS_Quasar\hospital-his-backend\node_modules\mongoose\lib\document.js:3014:17
    at C:\Users\shrav\OneDrive\Desktop\HIS Quasar\HIS_Quasar\hospital-his-backend\node_modules\mongoose\lib\schematype.js:1368:9
    at process.processTicksAndRejections (node:internal/process/task_queues:84:11)
2026-01-18 16:44:00 [ERROR]: User role 'receptionist' is not authorized to access this route
Error: User role 'receptionist' is not authorized to access this route
    at C:\Users\shrav\OneDrive\Desktop\HIS Quasar\HIS_Quasar\hospital-his-backend\middleware\rbac.middleware.js:21:17
    at Layer.handle [as handle_request] (C:\Users\shrav\OneDrive\Desktop\HIS Quasar\HIS_Quasar\hospital-his-backend\node_modules\express\lib\router\layer.js:95:5)
    at next (C:\Users\shrav\OneDrive\Desktop\HIS Quasar\HIS_Quasar\hospital-his-backend\node_modules\express\lib\router\route.js:149:13)
    at Route.dispatch (C:\Users\shrav\OneDrive\Desktop\HIS Quasar\HIS_Quasar\hospital-his-backend\node_modules\express\lib\router\route.js:119:3)
    at Layer.handle [as handle_request] (C:\Users\shrav\OneDrive\Desktop\HIS Quasar\HIS_Quasar\hospital-his-backend\node_modules\express\lib\router\layer.js:95:5)
    at C:\Users\shrav\OneDrive\Desktop\HIS Quasar\HIS_Quasar\hospital-his-backend\node_modules\express\lib\router\index.js:284:15
    at router.process_params (C:\Users\shrav\OneDrive\Desktop\HIS Quasar\HIS_Quasar\hospital-his-backend\node_modules\express\lib\router\index.js:346:12)
    at next (C:\Users\shrav\OneDrive\Desktop\HIS Quasar\HIS_Quasar\hospital-his-backend\node_modules\express\lib\router\index.js:280:10)
    at C:\Users\shrav\OneDrive\Desktop\HIS Quasar\HIS_Quasar\hospital-his-backend\middleware\auth.middleware.js:46:9
    at process.processTicksAndRejections (node:internal/process/task_queues:103:5)
2026-01-18 16:44:00 [ERROR]: User role 'receptionist' is not authorized to access this route
Error: User role 'receptionist' is not authorized to access this route
    at C:\Users\shrav\OneDrive\Desktop\HIS Quasar\HIS_Quasar\hospital-his-backend\middleware\rbac.middleware.js:21:17
    at Layer.handle [as handle_request] (C:\Users\shrav\OneDrive\Desktop\HIS Quasar\HIS_Quasar\hospital-his-backend\node_modules\express\lib\router\layer.js:95:5)
    at next (C:\Users\shrav\OneDrive\Desktop\HIS Quasar\HIS_Quasar\hospital-his-backend\node_modules\express\lib\router\route.js:149:13)
    at Route.dispatch (C:\Users\shrav\OneDrive\Desktop\HIS Quasar\HIS_Quasar\hospital-his-backend\node_modules\express\lib\router\route.js:119:3)
    at Layer.handle [as handle_request] (C:\Users\shrav\OneDrive\Desktop\HIS Quasar\HIS_Quasar\hospital-his-backend\node_modules\express\lib\router\layer.js:95:5)
    at C:\Users\shrav\OneDrive\Desktop\HIS Quasar\HIS_Quasar\hospital-his-backend\node_modules\express\lib\router\index.js:284:15
    at router.process_params (C:\Users\shrav\OneDrive\Desktop\HIS Quasar\HIS_Quasar\hospital-his-backend\node_modules\express\lib\router\index.js:346:12)
    at next (C:\Users\shrav\OneDrive\Desktop\HIS Quasar\HIS_Quasar\hospital-his-backend\node_modules\express\lib\router\index.js:280:10)
    at C:\Users\shrav\OneDrive\Desktop\HIS Quasar\HIS_Quasar\hospital-his-backend\middleware\auth.middleware.js:46:9
    at process.processTicksAndRejections (node:internal/process/task_queues:103:5)
2026-01-18 16:52:17 [ERROR]: Cast to ObjectId failed for value "undefined" (type string) at path "doctor" for model "Appointment"
CastError: Cast to ObjectId failed for value "undefined" (type string) at path "doctor" for model "Appointment"
    at ObjectId.cast (C:\Users\shrav\OneDrive\Desktop\HIS Quasar\HIS_Quasar\hospital-his-backend\node_modules\mongoose\lib\schema\objectid.js:250:11)
    at SchemaType.applySetters (C:\Users\shrav\OneDrive\Desktop\HIS Quasar\HIS_Quasar\hospital-his-backend\node_modules\mongoose\lib\schematype.js:1219:12)
    at SchemaType.castForQuery (C:\Users\shrav\OneDrive\Desktop\HIS Quasar\HIS_Quasar\hospital-his-backend\node_modules\mongoose\lib\schematype.js:1633:15)
    at cast (C:\Users\shrav\OneDrive\Desktop\HIS Quasar\HIS_Quasar\hospital-his-backend\node_modules\mongoose\lib\cast.js:389:32)
    at Query.cast (C:\Users\shrav\OneDrive\Desktop\HIS Quasar\HIS_Quasar\hospital-his-backend\node_modules\mongoose\lib\query.js:4927:12)
    at Query._castConditions (C:\Users\shrav\OneDrive\Desktop\HIS Quasar\HIS_Quasar\hospital-his-backend\node_modules\mongoose\lib\query.js:2237:10)
    at model.Query._find (C:\Users\shrav\OneDrive\Desktop\HIS Quasar\HIS_Quasar\hospital-his-backend\node_modules\mongoose\lib\query.js:2263:8)
    at model.Query.exec (C:\Users\shrav\OneDrive\Desktop\HIS Quasar\HIS_Quasar\hospital-his-backend\node_modules\mongoose\lib\query.js:4447:28)
    at process.processTicksAndRejections (node:internal/process/task_queues:103:5)
    at async C:\Users\shrav\OneDrive\Desktop\HIS Quasar\HIS_Quasar\hospital-his-backend\controllers\opd.controller.js:165:19
2026-01-18 16:52:17 [ERROR]: Cast to ObjectId failed for value "undefined" (type string) at path "doctor" for model "Appointment"
CastError: Cast to ObjectId failed for value "undefined" (type string) at path "doctor" for model "Appointment"
    at ObjectId.cast (C:\Users\shrav\OneDrive\Desktop\HIS Quasar\HIS_Quasar\hospital-his-backend\node_modules\mongoose\lib\schema\objectid.js:250:11)
    at SchemaType.applySetters (C:\Users\shrav\OneDrive\Desktop\HIS Quasar\HIS_Quasar\hospital-his-backend\node_modules\mongoose\lib\schematype.js:1219:12)
    at SchemaType.castForQuery (C:\Users\shrav\OneDrive\Desktop\HIS Quasar\HIS_Quasar\hospital-his-backend\node_modules\mongoose\lib\schematype.js:1633:15)
    at cast (C:\Users\shrav\OneDrive\Desktop\HIS Quasar\HIS_Quasar\hospital-his-backend\node_modules\mongoose\lib\cast.js:389:32)
    at Query.cast (C:\Users\shrav\OneDrive\Desktop\HIS Quasar\HIS_Quasar\hospital-his-backend\node_modules\mongoose\lib\query.js:4927:12)
    at Query._castConditions (C:\Users\shrav\OneDrive\Desktop\HIS Quasar\HIS_Quasar\hospital-his-backend\node_modules\mongoose\lib\query.js:2237:10)
    at model.Query._find (C:\Users\shrav\OneDrive\Desktop\HIS Quasar\HIS_Quasar\hospital-his-backend\node_modules\mongoose\lib\query.js:2263:8)
    at model.Query.exec (C:\Users\shrav\OneDrive\Desktop\HIS Quasar\HIS_Quasar\hospital-his-backend\node_modules\mongoose\lib\query.js:4447:28)
    at process.processTicksAndRejections (node:internal/process/task_queues:103:5)
    at async C:\Users\shrav\OneDrive\Desktop\HIS Quasar\HIS_Quasar\hospital-his-backend\controllers\opd.controller.js:165:19
2026-01-18 16:52:47 [ERROR]: Cast to ObjectId failed for value "undefined" (type string) at path "doctor" for model "Appointment"
CastError: Cast to ObjectId failed for value "undefined" (type string) at path "doctor" for model "Appointment"
    at ObjectId.cast (C:\Users\shrav\OneDrive\Desktop\HIS Quasar\HIS_Quasar\hospital-his-backend\node_modules\mongoose\lib\schema\objectid.js:250:11)
    at SchemaType.applySetters (C:\Users\shrav\OneDrive\Desktop\HIS Quasar\HIS_Quasar\hospital-his-backend\node_modules\mongoose\lib\schematype.js:1219:12)
    at SchemaType.castForQuery (C:\Users\shrav\OneDrive\Desktop\HIS Quasar\HIS_Quasar\hospital-his-backend\node_modules\mongoose\lib\schematype.js:1633:15)
    at cast (C:\Users\shrav\OneDrive\Desktop\HIS Quasar\HIS_Quasar\hospital-his-backend\node_modules\mongoose\lib\cast.js:389:32)
    at Query.cast (C:\Users\shrav\OneDrive\Desktop\HIS Quasar\HIS_Quasar\hospital-his-backend\node_modules\mongoose\lib\query.js:4927:12)
    at Query._castConditions (C:\Users\shrav\OneDrive\Desktop\HIS Quasar\HIS_Quasar\hospital-his-backend\node_modules\mongoose\lib\query.js:2237:10)
    at model.Query._find (C:\Users\shrav\OneDrive\Desktop\HIS Quasar\HIS_Quasar\hospital-his-backend\node_modules\mongoose\lib\query.js:2263:8)
    at model.Query.exec (C:\Users\shrav\OneDrive\Desktop\HIS Quasar\HIS_Quasar\hospital-his-backend\node_modules\mongoose\lib\query.js:4447:28)
    at process.processTicksAndRejections (node:internal/process/task_queues:103:5)
    at async C:\Users\shrav\OneDrive\Desktop\HIS Quasar\HIS_Quasar\hospital-his-backend\controllers\opd.controller.js:165:19
2026-01-18 16:53:17 [ERROR]: Cast to ObjectId failed for value "undefined" (type string) at path "doctor" for model "Appointment"
CastError: Cast to ObjectId failed for value "undefined" (type string) at path "doctor" for model "Appointment"
    at ObjectId.cast (C:\Users\shrav\OneDrive\Desktop\HIS Quasar\HIS_Quasar\hospital-his-backend\node_modules\mongoose\lib\schema\objectid.js:250:11)
    at SchemaType.applySetters (C:\Users\shrav\OneDrive\Desktop\HIS Quasar\HIS_Quasar\hospital-his-backend\node_modules\mongoose\lib\schematype.js:1219:12)
    at SchemaType.castForQuery (C:\Users\shrav\OneDrive\Desktop\HIS Quasar\HIS_Quasar\hospital-his-backend\node_modules\mongoose\lib\schematype.js:1633:15)
    at cast (C:\Users\shrav\OneDrive\Desktop\HIS Quasar\HIS_Quasar\hospital-his-backend\node_modules\mongoose\lib\cast.js:389:32)
    at Query.cast (C:\Users\shrav\OneDrive\Desktop\HIS Quasar\HIS_Quasar\hospital-his-backend\node_modules\mongoose\lib\query.js:4927:12)
    at Query._castConditions (C:\Users\shrav\OneDrive\Desktop\HIS Quasar\HIS_Quasar\hospital-his-backend\node_modules\mongoose\lib\query.js:2237:10)
    at model.Query._find (C:\Users\shrav\OneDrive\Desktop\HIS Quasar\HIS_Quasar\hospital-his-backend\node_modules\mongoose\lib\query.js:2263:8)
    at model.Query.exec (C:\Users\shrav\OneDrive\Desktop\HIS Quasar\HIS_Quasar\hospital-his-backend\node_modules\mongoose\lib\query.js:4447:28)
    at process.processTicksAndRejections (node:internal/process/task_queues:103:5)
    at async C:\Users\shrav\OneDrive\Desktop\HIS Quasar\HIS_Quasar\hospital-his-backend\controllers\opd.controller.js:165:19
2026-01-18 16:59:42 [ERROR]: User role 'receptionist' is not authorized to access this route
Error: User role 'receptionist' is not authorized to access this route
    at C:\Users\shrav\OneDrive\Desktop\HIS Quasar\HIS_Quasar\hospital-his-backend\middleware\rbac.middleware.js:21:17
    at Layer.handle [as handle_request] (C:\Users\shrav\OneDrive\Desktop\HIS Quasar\HIS_Quasar\hospital-his-backend\node_modules\express\lib\router\layer.js:95:5)
    at next (C:\Users\shrav\OneDrive\Desktop\HIS Quasar\HIS_Quasar\hospital-his-backend\node_modules\express\lib\router\route.js:149:13)
    at Route.dispatch (C:\Users\shrav\OneDrive\Desktop\HIS Quasar\HIS_Quasar\hospital-his-backend\node_modules\express\lib\router\route.js:119:3)
    at Layer.handle [as handle_request] (C:\Users\shrav\OneDrive\Desktop\HIS Quasar\HIS_Quasar\hospital-his-backend\node_modules\express\lib\router\layer.js:95:5)
    at C:\Users\shrav\OneDrive\Desktop\HIS Quasar\HIS_Quasar\hospital-his-backend\node_modules\express\lib\router\index.js:284:15
    at router.process_params (C:\Users\shrav\OneDrive\Desktop\HIS Quasar\HIS_Quasar\hospital-his-backend\node_modules\express\lib\router\index.js:346:12)
    at next (C:\Users\shrav\OneDrive\Desktop\HIS Quasar\HIS_Quasar\hospital-his-backend\node_modules\express\lib\router\index.js:280:10)
    at C:\Users\shrav\OneDrive\Desktop\HIS Quasar\HIS_Quasar\hospital-his-backend\middleware\auth.middleware.js:46:9
    at process.processTicksAndRejections (node:internal/process/task_queues:103:5)
2026-01-18 16:59:42 [ERROR]: User role 'receptionist' is not authorized to access this route
Error: User role 'receptionist' is not authorized to access this route
    at C:\Users\shrav\OneDrive\Desktop\HIS Quasar\HIS_Quasar\hospital-his-backend\middleware\rbac.middleware.js:21:17
    at Layer.handle [as handle_request] (C:\Users\shrav\OneDrive\Desktop\HIS Quasar\HIS_Quasar\hospital-his-backend\node_modules\express\lib\router\layer.js:95:5)
    at next (C:\Users\shrav\OneDrive\Desktop\HIS Quasar\HIS_Quasar\hospital-his-backend\node_modules\express\lib\router\route.js:149:13)
    at Route.dispatch (C:\Users\shrav\OneDrive\Desktop\HIS Quasar\HIS_Quasar\hospital-his-backend\node_modules\express\lib\router\route.js:119:3)
    at Layer.handle [as handle_request] (C:\Users\shrav\OneDrive\Desktop\HIS Quasar\HIS_Quasar\hospital-his-backend\node_modules\express\lib\router\layer.js:95:5)
    at C:\Users\shrav\OneDrive\Desktop\HIS Quasar\HIS_Quasar\hospital-his-backend\node_modules\express\lib\router\index.js:284:15
    at router.process_params (C:\Users\shrav\OneDrive\Desktop\HIS Quasar\HIS_Quasar\hospital-his-backend\node_modules\express\lib\router\index.js:346:12)
    at next (C:\Users\shrav\OneDrive\Desktop\HIS Quasar\HIS_Quasar\hospital-his-backend\node_modules\express\lib\router\index.js:280:10)
    at C:\Users\shrav\OneDrive\Desktop\HIS Quasar\HIS_Quasar\hospital-his-backend\middleware\auth.middleware.js:46:9
    at process.processTicksAndRejections (node:internal/process/task_queues:103:5)
2026-01-18 17:00:34 [ERROR]: User role 'receptionist' is not authorized to access this route
Error: User role 'receptionist' is not authorized to access this route
    at C:\Users\shrav\OneDrive\Desktop\HIS Quasar\HIS_Quasar\hospital-his-backend\middleware\rbac.middleware.js:21:17
    at Layer.handle [as handle_request] (C:\Users\shrav\OneDrive\Desktop\HIS Quasar\HIS_Quasar\hospital-his-backend\node_modules\express\lib\router\layer.js:95:5)
    at next (C:\Users\shrav\OneDrive\Desktop\HIS Quasar\HIS_Quasar\hospital-his-backend\node_modules\express\lib\router\route.js:149:13)
    at Route.dispatch (C:\Users\shrav\OneDrive\Desktop\HIS Quasar\HIS_Quasar\hospital-his-backend\node_modules\express\lib\router\route.js:119:3)
    at Layer.handle [as handle_request] (C:\Users\shrav\OneDrive\Desktop\HIS Quasar\HIS_Quasar\hospital-his-backend\node_modules\express\lib\router\layer.js:95:5)
    at C:\Users\shrav\OneDrive\Desktop\HIS Quasar\HIS_Quasar\hospital-his-backend\node_modules\express\lib\router\index.js:284:15
    at router.process_params (C:\Users\shrav\OneDrive\Desktop\HIS Quasar\HIS_Quasar\hospital-his-backend\node_modules\express\lib\router\index.js:346:12)
    at next (C:\Users\shrav\OneDrive\Desktop\HIS Quasar\HIS_Quasar\hospital-his-backend\node_modules\express\lib\router\index.js:280:10)
    at C:\Users\shrav\OneDrive\Desktop\HIS Quasar\HIS_Quasar\hospital-his-backend\middleware\auth.middleware.js:46:9
    at process.processTicksAndRejections (node:internal/process/task_queues:103:5)
2026-01-18 17:00:34 [ERROR]: User role 'receptionist' is not authorized to access this route
Error: User role 'receptionist' is not authorized to access this route
    at C:\Users\shrav\OneDrive\Desktop\HIS Quasar\HIS_Quasar\hospital-his-backend\middleware\rbac.middleware.js:21:17
    at Layer.handle [as handle_request] (C:\Users\shrav\OneDrive\Desktop\HIS Quasar\HIS_Quasar\hospital-his-backend\node_modules\express\lib\router\layer.js:95:5)
    at next (C:\Users\shrav\OneDrive\Desktop\HIS Quasar\HIS_Quasar\hospital-his-backend\node_modules\express\lib\router\route.js:149:13)
    at Route.dispatch (C:\Users\shrav\OneDrive\Desktop\HIS Quasar\HIS_Quasar\hospital-his-backend\node_modules\express\lib\router\route.js:119:3)
    at Layer.handle [as handle_request] (C:\Users\shrav\OneDrive\Desktop\HIS Quasar\HIS_Quasar\hospital-his-backend\node_modules\express\lib\router\layer.js:95:5)
    at C:\Users\shrav\OneDrive\Desktop\HIS Quasar\HIS_Quasar\hospital-his-backend\node_modules\express\lib\router\index.js:284:15
    at router.process_params (C:\Users\shrav\OneDrive\Desktop\HIS Quasar\HIS_Quasar\hospital-his-backend\node_modules\express\lib\router\index.js:346:12)
    at next (C:\Users\shrav\OneDrive\Desktop\HIS Quasar\HIS_Quasar\hospital-his-backend\node_modules\express\lib\router\index.js:280:10)
    at C:\Users\shrav\OneDrive\Desktop\HIS Quasar\HIS_Quasar\hospital-his-backend\middleware\auth.middleware.js:46:9
    at process.processTicksAndRejections (node:internal/process/task_queues:103:5)
2026-01-18 17:01:06 [ERROR]: User role 'receptionist' is not authorized to access this route
Error: User role 'receptionist' is not authorized to access this route
    at C:\Users\shrav\OneDrive\Desktop\HIS Quasar\HIS_Quasar\hospital-his-backend\middleware\rbac.middleware.js:21:17
    at Layer.handle [as handle_request] (C:\Users\shrav\OneDrive\Desktop\HIS Quasar\HIS_Quasar\hospital-his-backend\node_modules\express\lib\router\layer.js:95:5)
    at next (C:\Users\shrav\OneDrive\Desktop\HIS Quasar\HIS_Quasar\hospital-his-backend\node_modules\express\lib\router\route.js:149:13)
    at Route.dispatch (C:\Users\shrav\OneDrive\Desktop\HIS Quasar\HIS_Quasar\hospital-his-backend\node_modules\express\lib\router\route.js:119:3)
    at Layer.handle [as handle_request] (C:\Users\shrav\OneDrive\Desktop\HIS Quasar\HIS_Quasar\hospital-his-backend\node_modules\express\lib\router\layer.js:95:5)
    at C:\Users\shrav\OneDrive\Desktop\HIS Quasar\HIS_Quasar\hospital-his-backend\node_modules\express\lib\router\index.js:284:15
    at router.process_params (C:\Users\shrav\OneDrive\Desktop\HIS Quasar\HIS_Quasar\hospital-his-backend\node_modules\express\lib\router\index.js:346:12)
    at next (C:\Users\shrav\OneDrive\Desktop\HIS Quasar\HIS_Quasar\hospital-his-backend\node_modules\express\lib\router\index.js:280:10)
    at C:\Users\shrav\OneDrive\Desktop\HIS Quasar\HIS_Quasar\hospital-his-backend\middleware\auth.middleware.js:46:9
    at process.processTicksAndRejections (node:internal/process/task_queues:103:5)
2026-01-18 17:01:06 [ERROR]: User role 'receptionist' is not authorized to access this route
Error: User role 'receptionist' is not authorized to access this route
    at C:\Users\shrav\OneDrive\Desktop\HIS Quasar\HIS_Quasar\hospital-his-backend\middleware\rbac.middleware.js:21:17
    at Layer.handle [as handle_request] (C:\Users\shrav\OneDrive\Desktop\HIS Quasar\HIS_Quasar\hospital-his-backend\node_modules\express\lib\router\layer.js:95:5)
    at next (C:\Users\shrav\OneDrive\Desktop\HIS Quasar\HIS_Quasar\hospital-his-backend\node_modules\express\lib\router\route.js:149:13)
    at Route.dispatch (C:\Users\shrav\OneDrive\Desktop\HIS Quasar\HIS_Quasar\hospital-his-backend\node_modules\express\lib\router\route.js:119:3)
    at Layer.handle [as handle_request] (C:\Users\shrav\OneDrive\Desktop\HIS Quasar\HIS_Quasar\hospital-his-backend\node_modules\express\lib\router\layer.js:95:5)
    at C:\Users\shrav\OneDrive\Desktop\HIS Quasar\HIS_Quasar\hospital-his-backend\node_modules\express\lib\router\index.js:284:15
    at router.process_params (C:\Users\shrav\OneDrive\Desktop\HIS Quasar\HIS_Quasar\hospital-his-backend\node_modules\express\lib\router\index.js:346:12)
    at next (C:\Users\shrav\OneDrive\Desktop\HIS Quasar\HIS_Quasar\hospital-his-backend\node_modules\express\lib\router\index.js:280:10)
    at C:\Users\shrav\OneDrive\Desktop\HIS Quasar\HIS_Quasar\hospital-his-backend\middleware\auth.middleware.js:46:9
    at process.processTicksAndRejections (node:internal/process/task_queues:103:5)
2026-01-18 17:05:50 [ERROR]: Appointment validation failed: scheduledTime: Scheduled time is required, appointmentNumber: Path `appointmentNumber` is required., type: `General` is not a valid enum value for path `type`.
ValidationError: Appointment validation failed: scheduledTime: Scheduled time is required, appointmentNumber: Path `appointmentNumber` is required., type: `General` is not a valid enum value for path `type`.
    at Document.invalidate (C:\Users\shrav\OneDrive\Desktop\HIS Quasar\HIS_Quasar\hospital-his-backend\node_modules\mongoose\lib\document.js:3221:32)
    at C:\Users\shrav\OneDrive\Desktop\HIS Quasar\HIS_Quasar\hospital-his-backend\node_modules\mongoose\lib\document.js:3014:17
    at C:\Users\shrav\OneDrive\Desktop\HIS Quasar\HIS_Quasar\hospital-his-backend\node_modules\mongoose\lib\schematype.js:1368:9
    at process.processTicksAndRejections (node:internal/process/task_queues:84:11)
2026-01-18 17:07:31 [ERROR]: User role 'receptionist' is not authorized to access this route
Error: User role 'receptionist' is not authorized to access this route
    at C:\Users\shrav\OneDrive\Desktop\HIS Quasar\HIS_Quasar\hospital-his-backend\middleware\rbac.middleware.js:21:17
    at Layer.handle [as handle_request] (C:\Users\shrav\OneDrive\Desktop\HIS Quasar\HIS_Quasar\hospital-his-backend\node_modules\express\lib\router\layer.js:95:5)
    at next (C:\Users\shrav\OneDrive\Desktop\HIS Quasar\HIS_Quasar\hospital-his-backend\node_modules\express\lib\router\route.js:149:13)
    at Route.dispatch (C:\Users\shrav\OneDrive\Desktop\HIS Quasar\HIS_Quasar\hospital-his-backend\node_modules\express\lib\router\route.js:119:3)
    at Layer.handle [as handle_request] (C:\Users\shrav\OneDrive\Desktop\HIS Quasar\HIS_Quasar\hospital-his-backend\node_modules\express\lib\router\layer.js:95:5)
    at C:\Users\shrav\OneDrive\Desktop\HIS Quasar\HIS_Quasar\hospital-his-backend\node_modules\express\lib\router\index.js:284:15
    at router.process_params (C:\Users\shrav\OneDrive\Desktop\HIS Quasar\HIS_Quasar\hospital-his-backend\node_modules\express\lib\router\index.js:346:12)
    at next (C:\Users\shrav\OneDrive\Desktop\HIS Quasar\HIS_Quasar\hospital-his-backend\node_modules\express\lib\router\index.js:280:10)
    at C:\Users\shrav\OneDrive\Desktop\HIS Quasar\HIS_Quasar\hospital-his-backend\middleware\auth.middleware.js:46:9
    at process.processTicksAndRejections (node:internal/process/task_queues:103:5)
2026-01-18 17:07:31 [ERROR]: User role 'receptionist' is not authorized to access this route
Error: User role 'receptionist' is not authorized to access this route
    at C:\Users\shrav\OneDrive\Desktop\HIS Quasar\HIS_Quasar\hospital-his-backend\middleware\rbac.middleware.js:21:17
    at Layer.handle [as handle_request] (C:\Users\shrav\OneDrive\Desktop\HIS Quasar\HIS_Quasar\hospital-his-backend\node_modules\express\lib\router\layer.js:95:5)
    at next (C:\Users\shrav\OneDrive\Desktop\HIS Quasar\HIS_Quasar\hospital-his-backend\node_modules\express\lib\router\route.js:149:13)
    at Route.dispatch (C:\Users\shrav\OneDrive\Desktop\HIS Quasar\HIS_Quasar\hospital-his-backend\node_modules\express\lib\router\route.js:119:3)
    at Layer.handle [as handle_request] (C:\Users\shrav\OneDrive\Desktop\HIS Quasar\HIS_Quasar\hospital-his-backend\node_modules\express\lib\router\layer.js:95:5)
    at C:\Users\shrav\OneDrive\Desktop\HIS Quasar\HIS_Quasar\hospital-his-backend\node_modules\express\lib\router\index.js:284:15
    at router.process_params (C:\Users\shrav\OneDrive\Desktop\HIS Quasar\HIS_Quasar\hospital-his-backend\node_modules\express\lib\router\index.js:346:12)
    at next (C:\Users\shrav\OneDrive\Desktop\HIS Quasar\HIS_Quasar\hospital-his-backend\node_modules\express\lib\router\index.js:280:10)
    at C:\Users\shrav\OneDrive\Desktop\HIS Quasar\HIS_Quasar\hospital-his-backend\middleware\auth.middleware.js:46:9
    at process.processTicksAndRejections (node:internal/process/task_queues:103:5)
2026-01-18 17:36:27 [ERROR]: User role 'pharmacist' is not authorized to access this route
Error: User role 'pharmacist' is not authorized to access this route
    at C:\Users\shrav\OneDrive\Desktop\HIS Quasar\HIS_Quasar\hospital-his-backend\middleware\rbac.middleware.js:21:17
    at Layer.handle [as handle_request] (C:\Users\shrav\OneDrive\Desktop\HIS Quasar\HIS_Quasar\hospital-his-backend\node_modules\express\lib\router\layer.js:95:5)
    at next (C:\Users\shrav\OneDrive\Desktop\HIS Quasar\HIS_Quasar\hospital-his-backend\node_modules\express\lib\router\route.js:149:13)
    at Route.dispatch (C:\Users\shrav\OneDrive\Desktop\HIS Quasar\HIS_Quasar\hospital-his-backend\node_modules\express\lib\router\route.js:119:3)
    at Layer.handle [as handle_request] (C:\Users\shrav\OneDrive\Desktop\HIS Quasar\HIS_Quasar\hospital-his-backend\node_modules\express\lib\router\layer.js:95:5)
    at C:\Users\shrav\OneDrive\Desktop\HIS Quasar\HIS_Quasar\hospital-his-backend\node_modules\express\lib\router\index.js:284:15
    at router.process_params (C:\Users\shrav\OneDrive\Desktop\HIS Quasar\HIS_Quasar\hospital-his-backend\node_modules\express\lib\router\index.js:346:12)
    at next (C:\Users\shrav\OneDrive\Desktop\HIS Quasar\HIS_Quasar\hospital-his-backend\node_modules\express\lib\router\index.js:280:10)
    at C:\Users\shrav\OneDrive\Desktop\HIS Quasar\HIS_Quasar\hospital-his-backend\middleware\auth.middleware.js:46:9
    at process.processTicksAndRejections (node:internal/process/task_queues:103:5)
2026-01-18 17:36:27 [ERROR]: User role 'pharmacist' is not authorized to access this route
Error: User role 'pharmacist' is not authorized to access this route
    at C:\Users\shrav\OneDrive\Desktop\HIS Quasar\HIS_Quasar\hospital-his-backend\middleware\rbac.middleware.js:21:17
    at Layer.handle [as handle_request] (C:\Users\shrav\OneDrive\Desktop\HIS Quasar\HIS_Quasar\hospital-his-backend\node_modules\express\lib\router\layer.js:95:5)
    at next (C:\Users\shrav\OneDrive\Desktop\HIS Quasar\HIS_Quasar\hospital-his-backend\node_modules\express\lib\router\route.js:149:13)
    at Route.dispatch (C:\Users\shrav\OneDrive\Desktop\HIS Quasar\HIS_Quasar\hospital-his-backend\node_modules\express\lib\router\route.js:119:3)
    at Layer.handle [as handle_request] (C:\Users\shrav\OneDrive\Desktop\HIS Quasar\HIS_Quasar\hospital-his-backend\node_modules\express\lib\router\layer.js:95:5)
    at C:\Users\shrav\OneDrive\Desktop\HIS Quasar\HIS_Quasar\hospital-his-backend\node_modules\express\lib\router\index.js:284:15
    at router.process_params (C:\Users\shrav\OneDrive\Desktop\HIS Quasar\HIS_Quasar\hospital-his-backend\node_modules\express\lib\router\index.js:346:12)
    at next (C:\Users\shrav\OneDrive\Desktop\HIS Quasar\HIS_Quasar\hospital-his-backend\node_modules\express\lib\router\index.js:280:10)
    at C:\Users\shrav\OneDrive\Desktop\HIS Quasar\HIS_Quasar\hospital-his-backend\middleware\auth.middleware.js:46:9
    at process.processTicksAndRejections (node:internal/process/task_queues:103:5)
2026-01-18 17:49:50 [ERROR]: Uncaught Exception: listen EADDRINUSE: address already in use :::5000
2026-01-18 17:50:06 [ERROR]: Uncaught Exception: listen EADDRINUSE: address already in use :::5000
2026-01-18 17:51:18 [ERROR]: User role 'receptionist' is not authorized to access this route
Error: User role 'receptionist' is not authorized to access this route
    at C:\Users\shrav\OneDrive\Desktop\HIS Quasar\HIS_Quasar\hospital-his-backend\middleware\rbac.middleware.js:21:17
    at Layer.handle [as handle_request] (C:\Users\shrav\OneDrive\Desktop\HIS Quasar\HIS_Quasar\hospital-his-backend\node_modules\express\lib\router\layer.js:95:5)
    at next (C:\Users\shrav\OneDrive\Desktop\HIS Quasar\HIS_Quasar\hospital-his-backend\node_modules\express\lib\router\route.js:149:13)
    at Route.dispatch (C:\Users\shrav\OneDrive\Desktop\HIS Quasar\HIS_Quasar\hospital-his-backend\node_modules\express\lib\router\route.js:119:3)
    at Layer.handle [as handle_request] (C:\Users\shrav\OneDrive\Desktop\HIS Quasar\HIS_Quasar\hospital-his-backend\node_modules\express\lib\router\layer.js:95:5)
    at C:\Users\shrav\OneDrive\Desktop\HIS Quasar\HIS_Quasar\hospital-his-backend\node_modules\express\lib\router\index.js:284:15
    at router.process_params (C:\Users\shrav\OneDrive\Desktop\HIS Quasar\HIS_Quasar\hospital-his-backend\node_modules\express\lib\router\index.js:346:12)
    at next (C:\Users\shrav\OneDrive\Desktop\HIS Quasar\HIS_Quasar\hospital-his-backend\node_modules\express\lib\router\index.js:280:10)
    at C:\Users\shrav\OneDrive\Desktop\HIS Quasar\HIS_Quasar\hospital-his-backend\middleware\auth.middleware.js:46:9
    at process.processTicksAndRejections (node:internal/process/task_queues:103:5)
2026-01-18 17:51:18 [ERROR]: User role 'receptionist' is not authorized to access this route
Error: User role 'receptionist' is not authorized to access this route
    at C:\Users\shrav\OneDrive\Desktop\HIS Quasar\HIS_Quasar\hospital-his-backend\middleware\rbac.middleware.js:21:17
    at Layer.handle [as handle_request] (C:\Users\shrav\OneDrive\Desktop\HIS Quasar\HIS_Quasar\hospital-his-backend\node_modules\express\lib\router\layer.js:95:5)
    at next (C:\Users\shrav\OneDrive\Desktop\HIS Quasar\HIS_Quasar\hospital-his-backend\node_modules\express\lib\router\route.js:149:13)
    at Route.dispatch (C:\Users\shrav\OneDrive\Desktop\HIS Quasar\HIS_Quasar\hospital-his-backend\node_modules\express\lib\router\route.js:119:3)
    at Layer.handle [as handle_request] (C:\Users\shrav\OneDrive\Desktop\HIS Quasar\HIS_Quasar\hospital-his-backend\node_modules\express\lib\router\layer.js:95:5)
    at C:\Users\shrav\OneDrive\Desktop\HIS Quasar\HIS_Quasar\hospital-his-backend\node_modules\express\lib\router\index.js:284:15
    at router.process_params (C:\Users\shrav\OneDrive\Desktop\HIS Quasar\HIS_Quasar\hospital-his-backend\node_modules\express\lib\router\index.js:346:12)
    at next (C:\Users\shrav\OneDrive\Desktop\HIS Quasar\HIS_Quasar\hospital-his-backend\node_modules\express\lib\router\index.js:280:10)
    at C:\Users\shrav\OneDrive\Desktop\HIS Quasar\HIS_Quasar\hospital-his-backend\middleware\auth.middleware.js:46:9
    at process.processTicksAndRejections (node:internal/process/task_queues:103:5)
2026-01-18 17:51:23 [ERROR]: User role 'receptionist' is not authorized to access this route
Error: User role 'receptionist' is not authorized to access this route
    at C:\Users\shrav\OneDrive\Desktop\HIS Quasar\HIS_Quasar\hospital-his-backend\middleware\rbac.middleware.js:21:17
    at Layer.handle [as handle_request] (C:\Users\shrav\OneDrive\Desktop\HIS Quasar\HIS_Quasar\hospital-his-backend\node_modules\express\lib\router\layer.js:95:5)
    at next (C:\Users\shrav\OneDrive\Desktop\HIS Quasar\HIS_Quasar\hospital-his-backend\node_modules\express\lib\router\route.js:149:13)
    at Route.dispatch (C:\Users\shrav\OneDrive\Desktop\HIS Quasar\HIS_Quasar\hospital-his-backend\node_modules\express\lib\router\route.js:119:3)
    at Layer.handle [as handle_request] (C:\Users\shrav\OneDrive\Desktop\HIS Quasar\HIS_Quasar\hospital-his-backend\node_modules\express\lib\router\layer.js:95:5)
    at C:\Users\shrav\OneDrive\Desktop\HIS Quasar\HIS_Quasar\hospital-his-backend\node_modules\express\lib\router\index.js:284:15
    at router.process_params (C:\Users\shrav\OneDrive\Desktop\HIS Quasar\HIS_Quasar\hospital-his-backend\node_modules\express\lib\router\index.js:346:12)
    at next (C:\Users\shrav\OneDrive\Desktop\HIS Quasar\HIS_Quasar\hospital-his-backend\node_modules\express\lib\router\index.js:280:10)
    at C:\Users\shrav\OneDrive\Desktop\HIS Quasar\HIS_Quasar\hospital-his-backend\middleware\auth.middleware.js:46:9
    at process.processTicksAndRejections (node:internal/process/task_queues:103:5)
2026-01-18 17:51:23 [ERROR]: User role 'receptionist' is not authorized to access this route
Error: User role 'receptionist' is not authorized to access this route
    at C:\Users\shrav\OneDrive\Desktop\HIS Quasar\HIS_Quasar\hospital-his-backend\middleware\rbac.middleware.js:21:17
    at Layer.handle [as handle_request] (C:\Users\shrav\OneDrive\Desktop\HIS Quasar\HIS_Quasar\hospital-his-backend\node_modules\express\lib\router\layer.js:95:5)
    at next (C:\Users\shrav\OneDrive\Desktop\HIS Quasar\HIS_Quasar\hospital-his-backend\node_modules\express\lib\router\route.js:149:13)
    at Route.dispatch (C:\Users\shrav\OneDrive\Desktop\HIS Quasar\HIS_Quasar\hospital-his-backend\node_modules\express\lib\router\route.js:119:3)
    at Layer.handle [as handle_request] (C:\Users\shrav\OneDrive\Desktop\HIS Quasar\HIS_Quasar\hospital-his-backend\node_modules\express\lib\router\layer.js:95:5)
    at C:\Users\shrav\OneDrive\Desktop\HIS Quasar\HIS_Quasar\hospital-his-backend\node_modules\express\lib\router\index.js:284:15
    at router.process_params (C:\Users\shrav\OneDrive\Desktop\HIS Quasar\HIS_Quasar\hospital-his-backend\node_modules\express\lib\router\index.js:346:12)
    at next (C:\Users\shrav\OneDrive\Desktop\HIS Quasar\HIS_Quasar\hospital-his-backend\node_modules\express\lib\router\index.js:280:10)
    at C:\Users\shrav\OneDrive\Desktop\HIS Quasar\HIS_Quasar\hospital-his-backend\middleware\auth.middleware.js:46:9
    at process.processTicksAndRejections (node:internal/process/task_queues:103:5)
2026-01-18 17:51:29 [ERROR]: User role 'receptionist' is not authorized to access this route
Error: User role 'receptionist' is not authorized to access this route
    at C:\Users\shrav\OneDrive\Desktop\HIS Quasar\HIS_Quasar\hospital-his-backend\middleware\rbac.middleware.js:21:17
    at Layer.handle [as handle_request] (C:\Users\shrav\OneDrive\Desktop\HIS Quasar\HIS_Quasar\hospital-his-backend\node_modules\express\lib\router\layer.js:95:5)
    at next (C:\Users\shrav\OneDrive\Desktop\HIS Quasar\HIS_Quasar\hospital-his-backend\node_modules\express\lib\router\route.js:149:13)
    at Route.dispatch (C:\Users\shrav\OneDrive\Desktop\HIS Quasar\HIS_Quasar\hospital-his-backend\node_modules\express\lib\router\route.js:119:3)
    at Layer.handle [as handle_request] (C:\Users\shrav\OneDrive\Desktop\HIS Quasar\HIS_Quasar\hospital-his-backend\node_modules\express\lib\router\layer.js:95:5)
    at C:\Users\shrav\OneDrive\Desktop\HIS Quasar\HIS_Quasar\hospital-his-backend\node_modules\express\lib\router\index.js:284:15
    at router.process_params (C:\Users\shrav\OneDrive\Desktop\HIS Quasar\HIS_Quasar\hospital-his-backend\node_modules\express\lib\router\index.js:346:12)
    at next (C:\Users\shrav\OneDrive\Desktop\HIS Quasar\HIS_Quasar\hospital-his-backend\node_modules\express\lib\router\index.js:280:10)
    at C:\Users\shrav\OneDrive\Desktop\HIS Quasar\HIS_Quasar\hospital-his-backend\middleware\auth.middleware.js:46:9
    at process.processTicksAndRejections (node:internal/process/task_queues:103:5)
2026-01-18 17:51:29 [ERROR]: User role 'receptionist' is not authorized to access this route
Error: User role 'receptionist' is not authorized to access this route
    at C:\Users\shrav\OneDrive\Desktop\HIS Quasar\HIS_Quasar\hospital-his-backend\middleware\rbac.middleware.js:21:17
    at Layer.handle [as handle_request] (C:\Users\shrav\OneDrive\Desktop\HIS Quasar\HIS_Quasar\hospital-his-backend\node_modules\express\lib\router\layer.js:95:5)
    at next (C:\Users\shrav\OneDrive\Desktop\HIS Quasar\HIS_Quasar\hospital-his-backend\node_modules\express\lib\router\route.js:149:13)
    at Route.dispatch (C:\Users\shrav\OneDrive\Desktop\HIS Quasar\HIS_Quasar\hospital-his-backend\node_modules\express\lib\router\route.js:119:3)
    at Layer.handle [as handle_request] (C:\Users\shrav\OneDrive\Desktop\HIS Quasar\HIS_Quasar\hospital-his-backend\node_modules\express\lib\router\layer.js:95:5)
    at C:\Users\shrav\OneDrive\Desktop\HIS Quasar\HIS_Quasar\hospital-his-backend\node_modules\express\lib\router\index.js:284:15
    at router.process_params (C:\Users\shrav\OneDrive\Desktop\HIS Quasar\HIS_Quasar\hospital-his-backend\node_modules\express\lib\router\index.js:346:12)
    at next (C:\Users\shrav\OneDrive\Desktop\HIS Quasar\HIS_Quasar\hospital-his-backend\node_modules\express\lib\router\index.js:280:10)
    at C:\Users\shrav\OneDrive\Desktop\HIS Quasar\HIS_Quasar\hospital-his-backend\middleware\auth.middleware.js:46:9
    at process.processTicksAndRejections (node:internal/process/task_queues:103:5)
2026-01-18 17:51:53 [ERROR]: Invalid credentials
Error: Invalid credentials
    at C:\Users\shrav\OneDrive\Desktop\HIS Quasar\HIS_Quasar\hospital-his-backend\controllers\auth.controller.js:36:21
2026-01-18 17:51:54 [ERROR]: Invalid credentials
Error: Invalid credentials
    at C:\Users\shrav\OneDrive\Desktop\HIS Quasar\HIS_Quasar\hospital-his-backend\controllers\auth.controller.js:36:21
2026-01-18 17:52:02 [ERROR]: User role 'pharmacist' is not authorized to access this route
Error: User role 'pharmacist' is not authorized to access this route
    at C:\Users\shrav\OneDrive\Desktop\HIS Quasar\HIS_Quasar\hospital-his-backend\middleware\rbac.middleware.js:21:17
    at Layer.handle [as handle_request] (C:\Users\shrav\OneDrive\Desktop\HIS Quasar\HIS_Quasar\hospital-his-backend\node_modules\express\lib\router\layer.js:95:5)
    at next (C:\Users\shrav\OneDrive\Desktop\HIS Quasar\HIS_Quasar\hospital-his-backend\node_modules\express\lib\router\route.js:149:13)
    at Route.dispatch (C:\Users\shrav\OneDrive\Desktop\HIS Quasar\HIS_Quasar\hospital-his-backend\node_modules\express\lib\router\route.js:119:3)
    at Layer.handle [as handle_request] (C:\Users\shrav\OneDrive\Desktop\HIS Quasar\HIS_Quasar\hospital-his-backend\node_modules\express\lib\router\layer.js:95:5)
    at C:\Users\shrav\OneDrive\Desktop\HIS Quasar\HIS_Quasar\hospital-his-backend\node_modules\express\lib\router\index.js:284:15
    at router.process_params (C:\Users\shrav\OneDrive\Desktop\HIS Quasar\HIS_Quasar\hospital-his-backend\node_modules\express\lib\router\index.js:346:12)
    at next (C:\Users\shrav\OneDrive\Desktop\HIS Quasar\HIS_Quasar\hospital-his-backend\node_modules\express\lib\router\index.js:280:10)
    at C:\Users\shrav\OneDrive\Desktop\HIS Quasar\HIS_Quasar\hospital-his-backend\middleware\auth.middleware.js:46:9
    at process.processTicksAndRejections (node:internal/process/task_queues:103:5)
2026-01-18 17:52:02 [ERROR]: User role 'pharmacist' is not authorized to access this route
Error: User role 'pharmacist' is not authorized to access this route
    at C:\Users\shrav\OneDrive\Desktop\HIS Quasar\HIS_Quasar\hospital-his-backend\middleware\rbac.middleware.js:21:17
    at Layer.handle [as handle_request] (C:\Users\shrav\OneDrive\Desktop\HIS Quasar\HIS_Quasar\hospital-his-backend\node_modules\express\lib\router\layer.js:95:5)
    at next (C:\Users\shrav\OneDrive\Desktop\HIS Quasar\HIS_Quasar\hospital-his-backend\node_modules\express\lib\router\route.js:149:13)
    at Route.dispatch (C:\Users\shrav\OneDrive\Desktop\HIS Quasar\HIS_Quasar\hospital-his-backend\node_modules\express\lib\router\route.js:119:3)
    at Layer.handle [as handle_request] (C:\Users\shrav\OneDrive\Desktop\HIS Quasar\HIS_Quasar\hospital-his-backend\node_modules\express\lib\router\layer.js:95:5)
    at C:\Users\shrav\OneDrive\Desktop\HIS Quasar\HIS_Quasar\hospital-his-backend\node_modules\express\lib\router\index.js:284:15
    at router.process_params (C:\Users\shrav\OneDrive\Desktop\HIS Quasar\HIS_Quasar\hospital-his-backend\node_modules\express\lib\router\index.js:346:12)
    at next (C:\Users\shrav\OneDrive\Desktop\HIS Quasar\HIS_Quasar\hospital-his-backend\node_modules\express\lib\router\index.js:280:10)
    at C:\Users\shrav\OneDrive\Desktop\HIS Quasar\HIS_Quasar\hospital-his-backend\middleware\auth.middleware.js:46:9
    at process.processTicksAndRejections (node:internal/process/task_queues:103:5)
2026-01-18 17:55:27 [ERROR]: Uncaught Exception: listen EADDRINUSE: address already in use :::5000
2026-01-18 17:56:01 [ERROR]: User role 'pharmacist' is not authorized to access this route
Error: User role 'pharmacist' is not authorized to access this route
    at C:\Users\shrav\OneDrive\Desktop\HIS Quasar\HIS_Quasar\hospital-his-backend\middleware\rbac.middleware.js:21:17
    at Layer.handle [as handle_request] (C:\Users\shrav\OneDrive\Desktop\HIS Quasar\HIS_Quasar\hospital-his-backend\node_modules\express\lib\router\layer.js:95:5)
    at next (C:\Users\shrav\OneDrive\Desktop\HIS Quasar\HIS_Quasar\hospital-his-backend\node_modules\express\lib\router\route.js:149:13)
    at Route.dispatch (C:\Users\shrav\OneDrive\Desktop\HIS Quasar\HIS_Quasar\hospital-his-backend\node_modules\express\lib\router\route.js:119:3)
    at Layer.handle [as handle_request] (C:\Users\shrav\OneDrive\Desktop\HIS Quasar\HIS_Quasar\hospital-his-backend\node_modules\express\lib\router\layer.js:95:5)
    at C:\Users\shrav\OneDrive\Desktop\HIS Quasar\HIS_Quasar\hospital-his-backend\node_modules\express\lib\router\index.js:284:15
    at router.process_params (C:\Users\shrav\OneDrive\Desktop\HIS Quasar\HIS_Quasar\hospital-his-backend\node_modules\express\lib\router\index.js:346:12)
    at next (C:\Users\shrav\OneDrive\Desktop\HIS Quasar\HIS_Quasar\hospital-his-backend\node_modules\express\lib\router\index.js:280:10)
    at C:\Users\shrav\OneDrive\Desktop\HIS Quasar\HIS_Quasar\hospital-his-backend\middleware\auth.middleware.js:46:9
    at process.processTicksAndRejections (node:internal/process/task_queues:103:5)
2026-01-18 17:56:01 [ERROR]: User role 'pharmacist' is not authorized to access this route
Error: User role 'pharmacist' is not authorized to access this route
    at C:\Users\shrav\OneDrive\Desktop\HIS Quasar\HIS_Quasar\hospital-his-backend\middleware\rbac.middleware.js:21:17
    at Layer.handle [as handle_request] (C:\Users\shrav\OneDrive\Desktop\HIS Quasar\HIS_Quasar\hospital-his-backend\node_modules\express\lib\router\layer.js:95:5)
    at next (C:\Users\shrav\OneDrive\Desktop\HIS Quasar\HIS_Quasar\hospital-his-backend\node_modules\express\lib\router\route.js:149:13)
    at Route.dispatch (C:\Users\shrav\OneDrive\Desktop\HIS Quasar\HIS_Quasar\hospital-his-backend\node_modules\express\lib\router\route.js:119:3)
    at Layer.handle [as handle_request] (C:\Users\shrav\OneDrive\Desktop\HIS Quasar\HIS_Quasar\hospital-his-backend\node_modules\express\lib\router\layer.js:95:5)
    at C:\Users\shrav\OneDrive\Desktop\HIS Quasar\HIS_Quasar\hospital-his-backend\node_modules\express\lib\router\index.js:284:15
    at router.process_params (C:\Users\shrav\OneDrive\Desktop\HIS Quasar\HIS_Quasar\hospital-his-backend\node_modules\express\lib\router\index.js:346:12)
    at next (C:\Users\shrav\OneDrive\Desktop\HIS Quasar\HIS_Quasar\hospital-his-backend\node_modules\express\lib\router\index.js:280:10)
    at C:\Users\shrav\OneDrive\Desktop\HIS Quasar\HIS_Quasar\hospital-his-backend\middleware\auth.middleware.js:46:9
    at process.processTicksAndRejections (node:internal/process/task_queues:103:5)
2026-01-18 17:59:26 [ERROR]: User role 'pharmacist' is not authorized to access this route
Error: User role 'pharmacist' is not authorized to access this route
    at C:\Users\shrav\OneDrive\Desktop\HIS Quasar\HIS_Quasar\hospital-his-backend\middleware\rbac.middleware.js:21:17
    at Layer.handle [as handle_request] (C:\Users\shrav\OneDrive\Desktop\HIS Quasar\HIS_Quasar\hospital-his-backend\node_modules\express\lib\router\layer.js:95:5)
    at next (C:\Users\shrav\OneDrive\Desktop\HIS Quasar\HIS_Quasar\hospital-his-backend\node_modules\express\lib\router\route.js:149:13)
    at Route.dispatch (C:\Users\shrav\OneDrive\Desktop\HIS Quasar\HIS_Quasar\hospital-his-backend\node_modules\express\lib\router\route.js:119:3)
    at Layer.handle [as handle_request] (C:\Users\shrav\OneDrive\Desktop\HIS Quasar\HIS_Quasar\hospital-his-backend\node_modules\express\lib\router\layer.js:95:5)
    at C:\Users\shrav\OneDrive\Desktop\HIS Quasar\HIS_Quasar\hospital-his-backend\node_modules\express\lib\router\index.js:284:15
    at router.process_params (C:\Users\shrav\OneDrive\Desktop\HIS Quasar\HIS_Quasar\hospital-his-backend\node_modules\express\lib\router\index.js:346:12)
    at next (C:\Users\shrav\OneDrive\Desktop\HIS Quasar\HIS_Quasar\hospital-his-backend\node_modules\express\lib\router\index.js:280:10)
    at C:\Users\shrav\OneDrive\Desktop\HIS Quasar\HIS_Quasar\hospital-his-backend\middleware\auth.middleware.js:46:9
    at process.processTicksAndRejections (node:internal/process/task_queues:103:5)
2026-01-18 17:59:26 [ERROR]: User role 'pharmacist' is not authorized to access this route
Error: User role 'pharmacist' is not authorized to access this route
    at C:\Users\shrav\OneDrive\Desktop\HIS Quasar\HIS_Quasar\hospital-his-backend\middleware\rbac.middleware.js:21:17
    at Layer.handle [as handle_request] (C:\Users\shrav\OneDrive\Desktop\HIS Quasar\HIS_Quasar\hospital-his-backend\node_modules\express\lib\router\layer.js:95:5)
    at next (C:\Users\shrav\OneDrive\Desktop\HIS Quasar\HIS_Quasar\hospital-his-backend\node_modules\express\lib\router\route.js:149:13)
    at Route.dispatch (C:\Users\shrav\OneDrive\Desktop\HIS Quasar\HIS_Quasar\hospital-his-backend\node_modules\express\lib\router\route.js:119:3)
    at Layer.handle [as handle_request] (C:\Users\shrav\OneDrive\Desktop\HIS Quasar\HIS_Quasar\hospital-his-backend\node_modules\express\lib\router\layer.js:95:5)
    at C:\Users\shrav\OneDrive\Desktop\HIS Quasar\HIS_Quasar\hospital-his-backend\node_modules\express\lib\router\index.js:284:15
    at router.process_params (C:\Users\shrav\OneDrive\Desktop\HIS Quasar\HIS_Quasar\hospital-his-backend\node_modules\express\lib\router\index.js:346:12)
    at next (C:\Users\shrav\OneDrive\Desktop\HIS Quasar\HIS_Quasar\hospital-his-backend\node_modules\express\lib\router\index.js:280:10)
    at C:\Users\shrav\OneDrive\Desktop\HIS Quasar\HIS_Quasar\hospital-his-backend\middleware\auth.middleware.js:46:9
    at process.processTicksAndRejections (node:internal/process/task_queues:103:5)
2026-01-18 18:00:53 [ERROR]: User role 'pharmacist' is not authorized to access this route
Error: User role 'pharmacist' is not authorized to access this route
    at C:\Users\shrav\OneDrive\Desktop\HIS Quasar\HIS_Quasar\hospital-his-backend\middleware\rbac.middleware.js:21:17
    at Layer.handle [as handle_request] (C:\Users\shrav\OneDrive\Desktop\HIS Quasar\HIS_Quasar\hospital-his-backend\node_modules\express\lib\router\layer.js:95:5)
    at next (C:\Users\shrav\OneDrive\Desktop\HIS Quasar\HIS_Quasar\hospital-his-backend\node_modules\express\lib\router\route.js:149:13)
    at Route.dispatch (C:\Users\shrav\OneDrive\Desktop\HIS Quasar\HIS_Quasar\hospital-his-backend\node_modules\express\lib\router\route.js:119:3)
    at Layer.handle [as handle_request] (C:\Users\shrav\OneDrive\Desktop\HIS Quasar\HIS_Quasar\hospital-his-backend\node_modules\express\lib\router\layer.js:95:5)
    at C:\Users\shrav\OneDrive\Desktop\HIS Quasar\HIS_Quasar\hospital-his-backend\node_modules\express\lib\router\index.js:284:15
    at router.process_params (C:\Users\shrav\OneDrive\Desktop\HIS Quasar\HIS_Quasar\hospital-his-backend\node_modules\express\lib\router\index.js:346:12)
    at next (C:\Users\shrav\OneDrive\Desktop\HIS Quasar\HIS_Quasar\hospital-his-backend\node_modules\express\lib\router\index.js:280:10)
    at C:\Users\shrav\OneDrive\Desktop\HIS Quasar\HIS_Quasar\hospital-his-backend\middleware\auth.middleware.js:46:9
    at process.processTicksAndRejections (node:internal/process/task_queues:103:5)
2026-01-18 18:00:53 [ERROR]: User role 'pharmacist' is not authorized to access this route
Error: User role 'pharmacist' is not authorized to access this route
    at C:\Users\shrav\OneDrive\Desktop\HIS Quasar\HIS_Quasar\hospital-his-backend\middleware\rbac.middleware.js:21:17
    at Layer.handle [as handle_request] (C:\Users\shrav\OneDrive\Desktop\HIS Quasar\HIS_Quasar\hospital-his-backend\node_modules\express\lib\router\layer.js:95:5)
    at next (C:\Users\shrav\OneDrive\Desktop\HIS Quasar\HIS_Quasar\hospital-his-backend\node_modules\express\lib\router\route.js:149:13)
    at Route.dispatch (C:\Users\shrav\OneDrive\Desktop\HIS Quasar\HIS_Quasar\hospital-his-backend\node_modules\express\lib\router\route.js:119:3)
    at Layer.handle [as handle_request] (C:\Users\shrav\OneDrive\Desktop\HIS Quasar\HIS_Quasar\hospital-his-backend\node_modules\express\lib\router\layer.js:95:5)
    at C:\Users\shrav\OneDrive\Desktop\HIS Quasar\HIS_Quasar\hospital-his-backend\node_modules\express\lib\router\index.js:284:15
    at router.process_params (C:\Users\shrav\OneDrive\Desktop\HIS Quasar\HIS_Quasar\hospital-his-backend\node_modules\express\lib\router\index.js:346:12)
    at next (C:\Users\shrav\OneDrive\Desktop\HIS Quasar\HIS_Quasar\hospital-his-backend\node_modules\express\lib\router\index.js:280:10)
    at C:\Users\shrav\OneDrive\Desktop\HIS Quasar\HIS_Quasar\hospital-his-backend\middleware\auth.middleware.js:46:9
    at process.processTicksAndRejections (node:internal/process/task_queues:103:5)
2026-01-18 18:00:58 [ERROR]: User role 'pharmacist' is not authorized to access this route
Error: User role 'pharmacist' is not authorized to access this route
    at C:\Users\shrav\OneDrive\Desktop\HIS Quasar\HIS_Quasar\hospital-his-backend\middleware\rbac.middleware.js:21:17
    at Layer.handle [as handle_request] (C:\Users\shrav\OneDrive\Desktop\HIS Quasar\HIS_Quasar\hospital-his-backend\node_modules\express\lib\router\layer.js:95:5)
    at next (C:\Users\shrav\OneDrive\Desktop\HIS Quasar\HIS_Quasar\hospital-his-backend\node_modules\express\lib\router\route.js:149:13)
    at Route.dispatch (C:\Users\shrav\OneDrive\Desktop\HIS Quasar\HIS_Quasar\hospital-his-backend\node_modules\express\lib\router\route.js:119:3)
    at Layer.handle [as handle_request] (C:\Users\shrav\OneDrive\Desktop\HIS Quasar\HIS_Quasar\hospital-his-backend\node_modules\express\lib\router\layer.js:95:5)
    at C:\Users\shrav\OneDrive\Desktop\HIS Quasar\HIS_Quasar\hospital-his-backend\node_modules\express\lib\router\index.js:284:15
    at router.process_params (C:\Users\shrav\OneDrive\Desktop\HIS Quasar\HIS_Quasar\hospital-his-backend\node_modules\express\lib\router\index.js:346:12)
    at next (C:\Users\shrav\OneDrive\Desktop\HIS Quasar\HIS_Quasar\hospital-his-backend\node_modules\express\lib\router\index.js:280:10)
    at C:\Users\shrav\OneDrive\Desktop\HIS Quasar\HIS_Quasar\hospital-his-backend\middleware\auth.middleware.js:46:9
    at process.processTicksAndRejections (node:internal/process/task_queues:103:5)
2026-01-18 18:00:58 [ERROR]: User role 'pharmacist' is not authorized to access this route
Error: User role 'pharmacist' is not authorized to access this route
    at C:\Users\shrav\OneDrive\Desktop\HIS Quasar\HIS_Quasar\hospital-his-backend\middleware\rbac.middleware.js:21:17
    at Layer.handle [as handle_request] (C:\Users\shrav\OneDrive\Desktop\HIS Quasar\HIS_Quasar\hospital-his-backend\node_modules\express\lib\router\layer.js:95:5)
    at next (C:\Users\shrav\OneDrive\Desktop\HIS Quasar\HIS_Quasar\hospital-his-backend\node_modules\express\lib\router\route.js:149:13)
    at Route.dispatch (C:\Users\shrav\OneDrive\Desktop\HIS Quasar\HIS_Quasar\hospital-his-backend\node_modules\express\lib\router\route.js:119:3)
    at Layer.handle [as handle_request] (C:\Users\shrav\OneDrive\Desktop\HIS Quasar\HIS_Quasar\hospital-his-backend\node_modules\express\lib\router\layer.js:95:5)
    at C:\Users\shrav\OneDrive\Desktop\HIS Quasar\HIS_Quasar\hospital-his-backend\node_modules\express\lib\router\index.js:284:15
    at router.process_params (C:\Users\shrav\OneDrive\Desktop\HIS Quasar\HIS_Quasar\hospital-his-backend\node_modules\express\lib\router\index.js:346:12)
    at next (C:\Users\shrav\OneDrive\Desktop\HIS Quasar\HIS_Quasar\hospital-his-backend\node_modules\express\lib\router\index.js:280:10)
    at C:\Users\shrav\OneDrive\Desktop\HIS Quasar\HIS_Quasar\hospital-his-backend\middleware\auth.middleware.js:46:9
    at process.processTicksAndRejections (node:internal/process/task_queues:103:5)
2026-01-18 18:03:52 [ERROR]: User role 'pharmacist' is not authorized to access this route
Error: User role 'pharmacist' is not authorized to access this route
    at C:\Users\shrav\OneDrive\Desktop\HIS Quasar\HIS_Quasar\hospital-his-backend\middleware\rbac.middleware.js:21:17
    at Layer.handle [as handle_request] (C:\Users\shrav\OneDrive\Desktop\HIS Quasar\HIS_Quasar\hospital-his-backend\node_modules\express\lib\router\layer.js:95:5)
    at next (C:\Users\shrav\OneDrive\Desktop\HIS Quasar\HIS_Quasar\hospital-his-backend\node_modules\express\lib\router\route.js:149:13)
    at Route.dispatch (C:\Users\shrav\OneDrive\Desktop\HIS Quasar\HIS_Quasar\hospital-his-backend\node_modules\express\lib\router\route.js:119:3)
    at Layer.handle [as handle_request] (C:\Users\shrav\OneDrive\Desktop\HIS Quasar\HIS_Quasar\hospital-his-backend\node_modules\express\lib\router\layer.js:95:5)
    at C:\Users\shrav\OneDrive\Desktop\HIS Quasar\HIS_Quasar\hospital-his-backend\node_modules\express\lib\router\index.js:284:15
    at router.process_params (C:\Users\shrav\OneDrive\Desktop\HIS Quasar\HIS_Quasar\hospital-his-backend\node_modules\express\lib\router\index.js:346:12)
    at next (C:\Users\shrav\OneDrive\Desktop\HIS Quasar\HIS_Quasar\hospital-his-backend\node_modules\express\lib\router\index.js:280:10)
    at C:\Users\shrav\OneDrive\Desktop\HIS Quasar\HIS_Quasar\hospital-his-backend\middleware\auth.middleware.js:46:9
    at process.processTicksAndRejections (node:internal/process/task_queues:103:5)
2026-01-18 18:03:52 [ERROR]: User role 'pharmacist' is not authorized to access this route
Error: User role 'pharmacist' is not authorized to access this route
    at C:\Users\shrav\OneDrive\Desktop\HIS Quasar\HIS_Quasar\hospital-his-backend\middleware\rbac.middleware.js:21:17
    at Layer.handle [as handle_request] (C:\Users\shrav\OneDrive\Desktop\HIS Quasar\HIS_Quasar\hospital-his-backend\node_modules\express\lib\router\layer.js:95:5)
    at next (C:\Users\shrav\OneDrive\Desktop\HIS Quasar\HIS_Quasar\hospital-his-backend\node_modules\express\lib\router\route.js:149:13)
    at Route.dispatch (C:\Users\shrav\OneDrive\Desktop\HIS Quasar\HIS_Quasar\hospital-his-backend\node_modules\express\lib\router\route.js:119:3)
    at Layer.handle [as handle_request] (C:\Users\shrav\OneDrive\Desktop\HIS Quasar\HIS_Quasar\hospital-his-backend\node_modules\express\lib\router\layer.js:95:5)
    at C:\Users\shrav\OneDrive\Desktop\HIS Quasar\HIS_Quasar\hospital-his-backend\node_modules\express\lib\router\index.js:284:15
    at router.process_params (C:\Users\shrav\OneDrive\Desktop\HIS Quasar\HIS_Quasar\hospital-his-backend\node_modules\express\lib\router\index.js:346:12)
    at next (C:\Users\shrav\OneDrive\Desktop\HIS Quasar\HIS_Quasar\hospital-his-backend\node_modules\express\lib\router\index.js:280:10)
    at C:\Users\shrav\OneDrive\Desktop\HIS Quasar\HIS_Quasar\hospital-his-backend\middleware\auth.middleware.js:46:9
    at process.processTicksAndRejections (node:internal/process/task_queues:103:5)
2026-01-18 18:04:40 [ERROR]: User role 'pharmacist' is not authorized to access this route
Error: User role 'pharmacist' is not authorized to access this route
    at C:\Users\shrav\OneDrive\Desktop\HIS Quasar\HIS_Quasar\hospital-his-backend\middleware\rbac.middleware.js:21:17
    at Layer.handle [as handle_request] (C:\Users\shrav\OneDrive\Desktop\HIS Quasar\HIS_Quasar\hospital-his-backend\node_modules\express\lib\router\layer.js:95:5)
    at next (C:\Users\shrav\OneDrive\Desktop\HIS Quasar\HIS_Quasar\hospital-his-backend\node_modules\express\lib\router\route.js:149:13)
    at Route.dispatch (C:\Users\shrav\OneDrive\Desktop\HIS Quasar\HIS_Quasar\hospital-his-backend\node_modules\express\lib\router\route.js:119:3)
    at Layer.handle [as handle_request] (C:\Users\shrav\OneDrive\Desktop\HIS Quasar\HIS_Quasar\hospital-his-backend\node_modules\express\lib\router\layer.js:95:5)
    at C:\Users\shrav\OneDrive\Desktop\HIS Quasar\HIS_Quasar\hospital-his-backend\node_modules\express\lib\router\index.js:284:15
    at router.process_params (C:\Users\shrav\OneDrive\Desktop\HIS Quasar\HIS_Quasar\hospital-his-backend\node_modules\express\lib\router\index.js:346:12)
    at next (C:\Users\shrav\OneDrive\Desktop\HIS Quasar\HIS_Quasar\hospital-his-backend\node_modules\express\lib\router\index.js:280:10)
    at C:\Users\shrav\OneDrive\Desktop\HIS Quasar\HIS_Quasar\hospital-his-backend\middleware\auth.middleware.js:46:9
    at process.processTicksAndRejections (node:internal/process/task_queues:103:5)
2026-01-18 18:04:40 [ERROR]: User role 'pharmacist' is not authorized to access this route
Error: User role 'pharmacist' is not authorized to access this route
    at C:\Users\shrav\OneDrive\Desktop\HIS Quasar\HIS_Quasar\hospital-his-backend\middleware\rbac.middleware.js:21:17
    at Layer.handle [as handle_request] (C:\Users\shrav\OneDrive\Desktop\HIS Quasar\HIS_Quasar\hospital-his-backend\node_modules\express\lib\router\layer.js:95:5)
    at next (C:\Users\shrav\OneDrive\Desktop\HIS Quasar\HIS_Quasar\hospital-his-backend\node_modules\express\lib\router\route.js:149:13)
    at Route.dispatch (C:\Users\shrav\OneDrive\Desktop\HIS Quasar\HIS_Quasar\hospital-his-backend\node_modules\express\lib\router\route.js:119:3)
    at Layer.handle [as handle_request] (C:\Users\shrav\OneDrive\Desktop\HIS Quasar\HIS_Quasar\hospital-his-backend\node_modules\express\lib\router\layer.js:95:5)
    at C:\Users\shrav\OneDrive\Desktop\HIS Quasar\HIS_Quasar\hospital-his-backend\node_modules\express\lib\router\index.js:284:15
    at router.process_params (C:\Users\shrav\OneDrive\Desktop\HIS Quasar\HIS_Quasar\hospital-his-backend\node_modules\express\lib\router\index.js:346:12)
    at next (C:\Users\shrav\OneDrive\Desktop\HIS Quasar\HIS_Quasar\hospital-his-backend\node_modules\express\lib\router\index.js:280:10)
    at C:\Users\shrav\OneDrive\Desktop\HIS Quasar\HIS_Quasar\hospital-his-backend\middleware\auth.middleware.js:46:9
    at process.processTicksAndRejections (node:internal/process/task_queues:103:5)
2026-01-18 18:06:16 [ERROR]: Invalid credentials
Error: Invalid credentials
    at C:\Users\shrav\OneDrive\Desktop\HIS Quasar\HIS_Quasar\hospital-his-backend\controllers\auth.controller.js:36:21
2026-01-18 18:06:17 [ERROR]: Invalid credentials
Error: Invalid credentials
    at C:\Users\shrav\OneDrive\Desktop\HIS Quasar\HIS_Quasar\hospital-his-backend\controllers\auth.controller.js:36:21
2026-01-18 18:06:18 [ERROR]: Invalid credentials
Error: Invalid credentials
    at C:\Users\shrav\OneDrive\Desktop\HIS Quasar\HIS_Quasar\hospital-his-backend\controllers\auth.controller.js:36:21
2026-01-18 18:06:19 [ERROR]: Invalid credentials
Error: Invalid credentials
    at C:\Users\shrav\OneDrive\Desktop\HIS Quasar\HIS_Quasar\hospital-his-backend\controllers\auth.controller.js:36:21
2026-01-18 18:06:19 [ERROR]: Invalid credentials
Error: Invalid credentials
    at C:\Users\shrav\OneDrive\Desktop\HIS Quasar\HIS_Quasar\hospital-his-backend\controllers\auth.controller.js:36:21
2026-01-18 18:06:19 [ERROR]: Invalid credentials
Error: Invalid credentials
    at C:\Users\shrav\OneDrive\Desktop\HIS Quasar\HIS_Quasar\hospital-his-backend\controllers\auth.controller.js:36:21
2026-01-20 13:59:49 [ERROR]: User role 'doctor' is not authorized to access this route
Error: User role 'doctor' is not authorized to access this route
    at C:\Users\shrav\OneDrive\Desktop\HIS Quasar\HIS_Quasar\hospital-his-backend\middleware\rbac.middleware.js:21:17
    at Layer.handle [as handle_request] (C:\Users\shrav\OneDrive\Desktop\HIS Quasar\HIS_Quasar\hospital-his-backend\node_modules\express\lib\router\layer.js:95:5)
    at next (C:\Users\shrav\OneDrive\Desktop\HIS Quasar\HIS_Quasar\hospital-his-backend\node_modules\express\lib\router\route.js:149:13)
    at Route.dispatch (C:\Users\shrav\OneDrive\Desktop\HIS Quasar\HIS_Quasar\hospital-his-backend\node_modules\express\lib\router\route.js:119:3)
    at Layer.handle [as handle_request] (C:\Users\shrav\OneDrive\Desktop\HIS Quasar\HIS_Quasar\hospital-his-backend\node_modules\express\lib\router\layer.js:95:5)
    at C:\Users\shrav\OneDrive\Desktop\HIS Quasar\HIS_Quasar\hospital-his-backend\node_modules\express\lib\router\index.js:284:15
    at router.process_params (C:\Users\shrav\OneDrive\Desktop\HIS Quasar\HIS_Quasar\hospital-his-backend\node_modules\express\lib\router\index.js:346:12)
    at next (C:\Users\shrav\OneDrive\Desktop\HIS Quasar\HIS_Quasar\hospital-his-backend\node_modules\express\lib\router\index.js:280:10)
    at C:\Users\shrav\OneDrive\Desktop\HIS Quasar\HIS_Quasar\hospital-his-backend\middleware\auth.middleware.js:46:9
    at process.processTicksAndRejections (node:internal/process/task_queues:103:5)
2026-01-20 13:59:49 [ERROR]: User role 'doctor' is not authorized to access this route
Error: User role 'doctor' is not authorized to access this route
    at C:\Users\shrav\OneDrive\Desktop\HIS Quasar\HIS_Quasar\hospital-his-backend\middleware\rbac.middleware.js:21:17
    at Layer.handle [as handle_request] (C:\Users\shrav\OneDrive\Desktop\HIS Quasar\HIS_Quasar\hospital-his-backend\node_modules\express\lib\router\layer.js:95:5)
    at next (C:\Users\shrav\OneDrive\Desktop\HIS Quasar\HIS_Quasar\hospital-his-backend\node_modules\express\lib\router\route.js:149:13)
    at Route.dispatch (C:\Users\shrav\OneDrive\Desktop\HIS Quasar\HIS_Quasar\hospital-his-backend\node_modules\express\lib\router\route.js:119:3)
    at Layer.handle [as handle_request] (C:\Users\shrav\OneDrive\Desktop\HIS Quasar\HIS_Quasar\hospital-his-backend\node_modules\express\lib\router\layer.js:95:5)
    at C:\Users\shrav\OneDrive\Desktop\HIS Quasar\HIS_Quasar\hospital-his-backend\node_modules\express\lib\router\index.js:284:15
    at router.process_params (C:\Users\shrav\OneDrive\Desktop\HIS Quasar\HIS_Quasar\hospital-his-backend\node_modules\express\lib\router\index.js:346:12)
    at next (C:\Users\shrav\OneDrive\Desktop\HIS Quasar\HIS_Quasar\hospital-his-backend\node_modules\express\lib\router\index.js:280:10)
    at C:\Users\shrav\OneDrive\Desktop\HIS Quasar\HIS_Quasar\hospital-his-backend\middleware\auth.middleware.js:46:9
    at process.processTicksAndRejections (node:internal/process/task_queues:103:5)
2026-01-20 13:59:49 [ERROR]: User role 'doctor' is not authorized to access this route
Error: User role 'doctor' is not authorized to access this route
    at C:\Users\shrav\OneDrive\Desktop\HIS Quasar\HIS_Quasar\hospital-his-backend\middleware\rbac.middleware.js:21:17
    at Layer.handle [as handle_request] (C:\Users\shrav\OneDrive\Desktop\HIS Quasar\HIS_Quasar\hospital-his-backend\node_modules\express\lib\router\layer.js:95:5)
    at next (C:\Users\shrav\OneDrive\Desktop\HIS Quasar\HIS_Quasar\hospital-his-backend\node_modules\express\lib\router\route.js:149:13)
    at Route.dispatch (C:\Users\shrav\OneDrive\Desktop\HIS Quasar\HIS_Quasar\hospital-his-backend\node_modules\express\lib\router\route.js:119:3)
    at Layer.handle [as handle_request] (C:\Users\shrav\OneDrive\Desktop\HIS Quasar\HIS_Quasar\hospital-his-backend\node_modules\express\lib\router\layer.js:95:5)
    at C:\Users\shrav\OneDrive\Desktop\HIS Quasar\HIS_Quasar\hospital-his-backend\node_modules\express\lib\router\index.js:284:15
    at router.process_params (C:\Users\shrav\OneDrive\Desktop\HIS Quasar\HIS_Quasar\hospital-his-backend\node_modules\express\lib\router\index.js:346:12)
    at next (C:\Users\shrav\OneDrive\Desktop\HIS Quasar\HIS_Quasar\hospital-his-backend\node_modules\express\lib\router\index.js:280:10)
    at C:\Users\shrav\OneDrive\Desktop\HIS Quasar\HIS_Quasar\hospital-his-backend\middleware\auth.middleware.js:46:9
    at process.processTicksAndRejections (node:internal/process/task_queues:103:5)
2026-01-20 13:59:49 [ERROR]: User role 'doctor' is not authorized to access this route
Error: User role 'doctor' is not authorized to access this route
    at C:\Users\shrav\OneDrive\Desktop\HIS Quasar\HIS_Quasar\hospital-his-backend\middleware\rbac.middleware.js:21:17
    at Layer.handle [as handle_request] (C:\Users\shrav\OneDrive\Desktop\HIS Quasar\HIS_Quasar\hospital-his-backend\node_modules\express\lib\router\layer.js:95:5)
    at next (C:\Users\shrav\OneDrive\Desktop\HIS Quasar\HIS_Quasar\hospital-his-backend\node_modules\express\lib\router\route.js:149:13)
    at Route.dispatch (C:\Users\shrav\OneDrive\Desktop\HIS Quasar\HIS_Quasar\hospital-his-backend\node_modules\express\lib\router\route.js:119:3)
    at Layer.handle [as handle_request] (C:\Users\shrav\OneDrive\Desktop\HIS Quasar\HIS_Quasar\hospital-his-backend\node_modules\express\lib\router\layer.js:95:5)
    at C:\Users\shrav\OneDrive\Desktop\HIS Quasar\HIS_Quasar\hospital-his-backend\node_modules\express\lib\router\index.js:284:15
    at router.process_params (C:\Users\shrav\OneDrive\Desktop\HIS Quasar\HIS_Quasar\hospital-his-backend\node_modules\express\lib\router\index.js:346:12)
    at next (C:\Users\shrav\OneDrive\Desktop\HIS Quasar\HIS_Quasar\hospital-his-backend\node_modules\express\lib\router\index.js:280:10)
    at C:\Users\shrav\OneDrive\Desktop\HIS Quasar\HIS_Quasar\hospital-his-backend\middleware\auth.middleware.js:46:9
    at process.processTicksAndRejections (node:internal/process/task_queues:103:5)
2026-01-20 14:06:47 [ERROR]: Not authorized to access this route
Error: Not authorized to access this route
    at C:\Users\shrav\OneDrive\Desktop\HIS Quasar\HIS_Quasar\hospital-his-backend\middleware\auth.middleware.js:28:21
    at C:\Users\shrav\OneDrive\Desktop\HIS Quasar\HIS_Quasar\hospital-his-backend\utils\asyncHandler.js:7:21
    at Layer.handle [as handle_request] (C:\Users\shrav\OneDrive\Desktop\HIS Quasar\HIS_Quasar\hospital-his-backend\node_modules\express\lib\router\layer.js:95:5)
    at trim_prefix (C:\Users\shrav\OneDrive\Desktop\HIS Quasar\HIS_Quasar\hospital-his-backend\node_modules\express\lib\router\index.js:328:13)
    at C:\Users\shrav\OneDrive\Desktop\HIS Quasar\HIS_Quasar\hospital-his-backend\node_modules\express\lib\router\index.js:286:9
    at router.process_params (C:\Users\shrav\OneDrive\Desktop\HIS Quasar\HIS_Quasar\hospital-his-backend\node_modules\express\lib\router\index.js:346:12)
    at next (C:\Users\shrav\OneDrive\Desktop\HIS Quasar\HIS_Quasar\hospital-his-backend\node_modules\express\lib\router\index.js:280:10)
    at router.handle (C:\Users\shrav\OneDrive\Desktop\HIS Quasar\HIS_Quasar\hospital-his-backend\node_modules\express\lib\router\index.js:175:3)
    at router (C:\Users\shrav\OneDrive\Desktop\HIS Quasar\HIS_Quasar\hospital-his-backend\node_modules\express\lib\router\index.js:47:12)
    at Layer.handle [as handle_request] (C:\Users\shrav\OneDrive\Desktop\HIS Quasar\HIS_Quasar\hospital-his-backend\node_modules\express\lib\router\layer.js:95:5)
2026-01-20 14:06:47 [ERROR]: Not authorized to access this route
Error: Not authorized to access this route
    at C:\Users\shrav\OneDrive\Desktop\HIS Quasar\HIS_Quasar\hospital-his-backend\middleware\auth.middleware.js:28:21
    at C:\Users\shrav\OneDrive\Desktop\HIS Quasar\HIS_Quasar\hospital-his-backend\utils\asyncHandler.js:7:21
    at Layer.handle [as handle_request] (C:\Users\shrav\OneDrive\Desktop\HIS Quasar\HIS_Quasar\hospital-his-backend\node_modules\express\lib\router\layer.js:95:5)
    at trim_prefix (C:\Users\shrav\OneDrive\Desktop\HIS Quasar\HIS_Quasar\hospital-his-backend\node_modules\express\lib\router\index.js:328:13)
    at C:\Users\shrav\OneDrive\Desktop\HIS Quasar\HIS_Quasar\hospital-his-backend\node_modules\express\lib\router\index.js:286:9
    at router.process_params (C:\Users\shrav\OneDrive\Desktop\HIS Quasar\HIS_Quasar\hospital-his-backend\node_modules\express\lib\router\index.js:346:12)
    at next (C:\Users\shrav\OneDrive\Desktop\HIS Quasar\HIS_Quasar\hospital-his-backend\node_modules\express\lib\router\index.js:280:10)
    at router.handle (C:\Users\shrav\OneDrive\Desktop\HIS Quasar\HIS_Quasar\hospital-his-backend\node_modules\express\lib\router\index.js:175:3)
    at router (C:\Users\shrav\OneDrive\Desktop\HIS Quasar\HIS_Quasar\hospital-his-backend\node_modules\express\lib\router\index.js:47:12)
    at Layer.handle [as handle_request] (C:\Users\shrav\OneDrive\Desktop\HIS Quasar\HIS_Quasar\hospital-his-backend\node_modules\express\lib\router\layer.js:95:5)
2026-01-20 14:06:51 [ERROR]: Not authorized to access this route
Error: Not authorized to access this route
    at C:\Users\shrav\OneDrive\Desktop\HIS Quasar\HIS_Quasar\hospital-his-backend\middleware\auth.middleware.js:28:21
    at C:\Users\shrav\OneDrive\Desktop\HIS Quasar\HIS_Quasar\hospital-his-backend\utils\asyncHandler.js:7:21
    at Layer.handle [as handle_request] (C:\Users\shrav\OneDrive\Desktop\HIS Quasar\HIS_Quasar\hospital-his-backend\node_modules\express\lib\router\layer.js:95:5)
    at trim_prefix (C:\Users\shrav\OneDrive\Desktop\HIS Quasar\HIS_Quasar\hospital-his-backend\node_modules\express\lib\router\index.js:328:13)
    at C:\Users\shrav\OneDrive\Desktop\HIS Quasar\HIS_Quasar\hospital-his-backend\node_modules\express\lib\router\index.js:286:9
    at router.process_params (C:\Users\shrav\OneDrive\Desktop\HIS Quasar\HIS_Quasar\hospital-his-backend\node_modules\express\lib\router\index.js:346:12)
    at next (C:\Users\shrav\OneDrive\Desktop\HIS Quasar\HIS_Quasar\hospital-his-backend\node_modules\express\lib\router\index.js:280:10)
    at router.handle (C:\Users\shrav\OneDrive\Desktop\HIS Quasar\HIS_Quasar\hospital-his-backend\node_modules\express\lib\router\index.js:175:3)
    at router (C:\Users\shrav\OneDrive\Desktop\HIS Quasar\HIS_Quasar\hospital-his-backend\node_modules\express\lib\router\index.js:47:12)
    at Layer.handle [as handle_request] (C:\Users\shrav\OneDrive\Desktop\HIS Quasar\HIS_Quasar\hospital-his-backend\node_modules\express\lib\router\layer.js:95:5)
2026-01-20 14:06:51 [ERROR]: Not authorized to access this route
Error: Not authorized to access this route
    at C:\Users\shrav\OneDrive\Desktop\HIS Quasar\HIS_Quasar\hospital-his-backend\middleware\auth.middleware.js:28:21
    at C:\Users\shrav\OneDrive\Desktop\HIS Quasar\HIS_Quasar\hospital-his-backend\utils\asyncHandler.js:7:21
    at Layer.handle [as handle_request] (C:\Users\shrav\OneDrive\Desktop\HIS Quasar\HIS_Quasar\hospital-his-backend\node_modules\express\lib\router\layer.js:95:5)
    at trim_prefix (C:\Users\shrav\OneDrive\Desktop\HIS Quasar\HIS_Quasar\hospital-his-backend\node_modules\express\lib\router\index.js:328:13)
    at C:\Users\shrav\OneDrive\Desktop\HIS Quasar\HIS_Quasar\hospital-his-backend\node_modules\express\lib\router\index.js:286:9
    at router.process_params (C:\Users\shrav\OneDrive\Desktop\HIS Quasar\HIS_Quasar\hospital-his-backend\node_modules\express\lib\router\index.js:346:12)
    at next (C:\Users\shrav\OneDrive\Desktop\HIS Quasar\HIS_Quasar\hospital-his-backend\node_modules\express\lib\router\index.js:280:10)
    at router.handle (C:\Users\shrav\OneDrive\Desktop\HIS Quasar\HIS_Quasar\hospital-his-backend\node_modules\express\lib\router\index.js:175:3)
    at router (C:\Users\shrav\OneDrive\Desktop\HIS Quasar\HIS_Quasar\hospital-his-backend\node_modules\express\lib\router\index.js:47:12)
    at Layer.handle [as handle_request] (C:\Users\shrav\OneDrive\Desktop\HIS Quasar\HIS_Quasar\hospital-his-backend\node_modules\express\lib\router\layer.js:95:5)
2026-01-20 14:06:52 [ERROR]: Not authorized to access this route
Error: Not authorized to access this route
    at C:\Users\shrav\OneDrive\Desktop\HIS Quasar\HIS_Quasar\hospital-his-backend\middleware\auth.middleware.js:28:21
    at C:\Users\shrav\OneDrive\Desktop\HIS Quasar\HIS_Quasar\hospital-his-backend\utils\asyncHandler.js:7:21
    at Layer.handle [as handle_request] (C:\Users\shrav\OneDrive\Desktop\HIS Quasar\HIS_Quasar\hospital-his-backend\node_modules\express\lib\router\layer.js:95:5)
    at trim_prefix (C:\Users\shrav\OneDrive\Desktop\HIS Quasar\HIS_Quasar\hospital-his-backend\node_modules\express\lib\router\index.js:328:13)
    at C:\Users\shrav\OneDrive\Desktop\HIS Quasar\HIS_Quasar\hospital-his-backend\node_modules\express\lib\router\index.js:286:9
    at router.process_params (C:\Users\shrav\OneDrive\Desktop\HIS Quasar\HIS_Quasar\hospital-his-backend\node_modules\express\lib\router\index.js:346:12)
    at next (C:\Users\shrav\OneDrive\Desktop\HIS Quasar\HIS_Quasar\hospital-his-backend\node_modules\express\lib\router\index.js:280:10)
    at router.handle (C:\Users\shrav\OneDrive\Desktop\HIS Quasar\HIS_Quasar\hospital-his-backend\node_modules\express\lib\router\index.js:175:3)
    at router (C:\Users\shrav\OneDrive\Desktop\HIS Quasar\HIS_Quasar\hospital-his-backend\node_modules\express\lib\router\index.js:47:12)
    at Layer.handle [as handle_request] (C:\Users\shrav\OneDrive\Desktop\HIS Quasar\HIS_Quasar\hospital-his-backend\node_modules\express\lib\router\layer.js:95:5)
2026-01-20 14:06:52 [ERROR]: Not authorized to access this route
Error: Not authorized to access this route
    at C:\Users\shrav\OneDrive\Desktop\HIS Quasar\HIS_Quasar\hospital-his-backend\middleware\auth.middleware.js:28:21
    at C:\Users\shrav\OneDrive\Desktop\HIS Quasar\HIS_Quasar\hospital-his-backend\utils\asyncHandler.js:7:21
    at Layer.handle [as handle_request] (C:\Users\shrav\OneDrive\Desktop\HIS Quasar\HIS_Quasar\hospital-his-backend\node_modules\express\lib\router\layer.js:95:5)
    at trim_prefix (C:\Users\shrav\OneDrive\Desktop\HIS Quasar\HIS_Quasar\hospital-his-backend\node_modules\express\lib\router\index.js:328:13)
    at C:\Users\shrav\OneDrive\Desktop\HIS Quasar\HIS_Quasar\hospital-his-backend\node_modules\express\lib\router\index.js:286:9
    at router.process_params (C:\Users\shrav\OneDrive\Desktop\HIS Quasar\HIS_Quasar\hospital-his-backend\node_modules\express\lib\router\index.js:346:12)
    at next (C:\Users\shrav\OneDrive\Desktop\HIS Quasar\HIS_Quasar\hospital-his-backend\node_modules\express\lib\router\index.js:280:10)
    at router.handle (C:\Users\shrav\OneDrive\Desktop\HIS Quasar\HIS_Quasar\hospital-his-backend\node_modules\express\lib\router\index.js:175:3)
    at router (C:\Users\shrav\OneDrive\Desktop\HIS Quasar\HIS_Quasar\hospital-his-backend\node_modules\express\lib\router\index.js:47:12)
    at Layer.handle [as handle_request] (C:\Users\shrav\OneDrive\Desktop\HIS Quasar\HIS_Quasar\hospital-his-backend\node_modules\express\lib\router\layer.js:95:5)
2026-01-20 14:06:53 [ERROR]: Not authorized to access this route
Error: Not authorized to access this route
    at C:\Users\shrav\OneDrive\Desktop\HIS Quasar\HIS_Quasar\hospital-his-backend\middleware\auth.middleware.js:28:21
    at C:\Users\shrav\OneDrive\Desktop\HIS Quasar\HIS_Quasar\hospital-his-backend\utils\asyncHandler.js:7:21
    at Layer.handle [as handle_request] (C:\Users\shrav\OneDrive\Desktop\HIS Quasar\HIS_Quasar\hospital-his-backend\node_modules\express\lib\router\layer.js:95:5)
    at trim_prefix (C:\Users\shrav\OneDrive\Desktop\HIS Quasar\HIS_Quasar\hospital-his-backend\node_modules\express\lib\router\index.js:328:13)
    at C:\Users\shrav\OneDrive\Desktop\HIS Quasar\HIS_Quasar\hospital-his-backend\node_modules\express\lib\router\index.js:286:9
    at router.process_params (C:\Users\shrav\OneDrive\Desktop\HIS Quasar\HIS_Quasar\hospital-his-backend\node_modules\express\lib\router\index.js:346:12)
    at next (C:\Users\shrav\OneDrive\Desktop\HIS Quasar\HIS_Quasar\hospital-his-backend\node_modules\express\lib\router\index.js:280:10)
    at router.handle (C:\Users\shrav\OneDrive\Desktop\HIS Quasar\HIS_Quasar\hospital-his-backend\node_modules\express\lib\router\index.js:175:3)
    at router (C:\Users\shrav\OneDrive\Desktop\HIS Quasar\HIS_Quasar\hospital-his-backend\node_modules\express\lib\router\index.js:47:12)
    at Layer.handle [as handle_request] (C:\Users\shrav\OneDrive\Desktop\HIS Quasar\HIS_Quasar\hospital-his-backend\node_modules\express\lib\router\layer.js:95:5)
2026-01-20 14:06:53 [ERROR]: Not authorized to access this route
Error: Not authorized to access this route
    at C:\Users\shrav\OneDrive\Desktop\HIS Quasar\HIS_Quasar\hospital-his-backend\middleware\auth.middleware.js:28:21
    at C:\Users\shrav\OneDrive\Desktop\HIS Quasar\HIS_Quasar\hospital-his-backend\utils\asyncHandler.js:7:21
    at Layer.handle [as handle_request] (C:\Users\shrav\OneDrive\Desktop\HIS Quasar\HIS_Quasar\hospital-his-backend\node_modules\express\lib\router\layer.js:95:5)
    at trim_prefix (C:\Users\shrav\OneDrive\Desktop\HIS Quasar\HIS_Quasar\hospital-his-backend\node_modules\express\lib\router\index.js:328:13)
    at C:\Users\shrav\OneDrive\Desktop\HIS Quasar\HIS_Quasar\hospital-his-backend\node_modules\express\lib\router\index.js:286:9
    at router.process_params (C:\Users\shrav\OneDrive\Desktop\HIS Quasar\HIS_Quasar\hospital-his-backend\node_modules\express\lib\router\index.js:346:12)
    at next (C:\Users\shrav\OneDrive\Desktop\HIS Quasar\HIS_Quasar\hospital-his-backend\node_modules\express\lib\router\index.js:280:10)
    at router.handle (C:\Users\shrav\OneDrive\Desktop\HIS Quasar\HIS_Quasar\hospital-his-backend\node_modules\express\lib\router\index.js:175:3)
    at router (C:\Users\shrav\OneDrive\Desktop\HIS Quasar\HIS_Quasar\hospital-his-backend\node_modules\express\lib\router\index.js:47:12)
    at Layer.handle [as handle_request] (C:\Users\shrav\OneDrive\Desktop\HIS Quasar\HIS_Quasar\hospital-his-backend\node_modules\express\lib\router\layer.js:95:5)
2026-01-20 14:07:24 [ERROR]: Not authorized to access this route
Error: Not authorized to access this route
    at C:\Users\shrav\OneDrive\Desktop\HIS Quasar\HIS_Quasar\hospital-his-backend\middleware\auth.middleware.js:28:21
    at C:\Users\shrav\OneDrive\Desktop\HIS Quasar\HIS_Quasar\hospital-his-backend\utils\asyncHandler.js:7:21
    at Layer.handle [as handle_request] (C:\Users\shrav\OneDrive\Desktop\HIS Quasar\HIS_Quasar\hospital-his-backend\node_modules\express\lib\router\layer.js:95:5)
    at trim_prefix (C:\Users\shrav\OneDrive\Desktop\HIS Quasar\HIS_Quasar\hospital-his-backend\node_modules\express\lib\router\index.js:328:13)
    at C:\Users\shrav\OneDrive\Desktop\HIS Quasar\HIS_Quasar\hospital-his-backend\node_modules\express\lib\router\index.js:286:9
    at router.process_params (C:\Users\shrav\OneDrive\Desktop\HIS Quasar\HIS_Quasar\hospital-his-backend\node_modules\express\lib\router\index.js:346:12)
    at next (C:\Users\shrav\OneDrive\Desktop\HIS Quasar\HIS_Quasar\hospital-his-backend\node_modules\express\lib\router\index.js:280:10)
    at router.handle (C:\Users\shrav\OneDrive\Desktop\HIS Quasar\HIS_Quasar\hospital-his-backend\node_modules\express\lib\router\index.js:175:3)
    at router (C:\Users\shrav\OneDrive\Desktop\HIS Quasar\HIS_Quasar\hospital-his-backend\node_modules\express\lib\router\index.js:47:12)
    at Layer.handle [as handle_request] (C:\Users\shrav\OneDrive\Desktop\HIS Quasar\HIS_Quasar\hospital-his-backend\node_modules\express\lib\router\layer.js:95:5)
2026-01-20 14:08:24 [ERROR]: Not authorized to access this route
Error: Not authorized to access this route
    at C:\Users\shrav\OneDrive\Desktop\HIS Quasar\HIS_Quasar\hospital-his-backend\middleware\auth.middleware.js:28:21
    at C:\Users\shrav\OneDrive\Desktop\HIS Quasar\HIS_Quasar\hospital-his-backend\utils\asyncHandler.js:7:21
    at Layer.handle [as handle_request] (C:\Users\shrav\OneDrive\Desktop\HIS Quasar\HIS_Quasar\hospital-his-backend\node_modules\express\lib\router\layer.js:95:5)
    at trim_prefix (C:\Users\shrav\OneDrive\Desktop\HIS Quasar\HIS_Quasar\hospital-his-backend\node_modules\express\lib\router\index.js:328:13)
    at C:\Users\shrav\OneDrive\Desktop\HIS Quasar\HIS_Quasar\hospital-his-backend\node_modules\express\lib\router\index.js:286:9
    at router.process_params (C:\Users\shrav\OneDrive\Desktop\HIS Quasar\HIS_Quasar\hospital-his-backend\node_modules\express\lib\router\index.js:346:12)
    at next (C:\Users\shrav\OneDrive\Desktop\HIS Quasar\HIS_Quasar\hospital-his-backend\node_modules\express\lib\router\index.js:280:10)
    at router.handle (C:\Users\shrav\OneDrive\Desktop\HIS Quasar\HIS_Quasar\hospital-his-backend\node_modules\express\lib\router\index.js:175:3)
    at router (C:\Users\shrav\OneDrive\Desktop\HIS Quasar\HIS_Quasar\hospital-his-backend\node_modules\express\lib\router\index.js:47:12)
    at Layer.handle [as handle_request] (C:\Users\shrav\OneDrive\Desktop\HIS Quasar\HIS_Quasar\hospital-his-backend\node_modules\express\lib\router\layer.js:95:5)
2026-01-20 14:08:50 [ERROR]: Not authorized to access this route
Error: Not authorized to access this route
    at C:\Users\shrav\OneDrive\Desktop\HIS Quasar\HIS_Quasar\hospital-his-backend\middleware\auth.middleware.js:28:21
    at C:\Users\shrav\OneDrive\Desktop\HIS Quasar\HIS_Quasar\hospital-his-backend\utils\asyncHandler.js:7:21
    at Layer.handle [as handle_request] (C:\Users\shrav\OneDrive\Desktop\HIS Quasar\HIS_Quasar\hospital-his-backend\node_modules\express\lib\router\layer.js:95:5)
    at trim_prefix (C:\Users\shrav\OneDrive\Desktop\HIS Quasar\HIS_Quasar\hospital-his-backend\node_modules\express\lib\router\index.js:328:13)
    at C:\Users\shrav\OneDrive\Desktop\HIS Quasar\HIS_Quasar\hospital-his-backend\node_modules\express\lib\router\index.js:286:9
    at router.process_params (C:\Users\shrav\OneDrive\Desktop\HIS Quasar\HIS_Quasar\hospital-his-backend\node_modules\express\lib\router\index.js:346:12)
    at next (C:\Users\shrav\OneDrive\Desktop\HIS Quasar\HIS_Quasar\hospital-his-backend\node_modules\express\lib\router\index.js:280:10)
    at router.handle (C:\Users\shrav\OneDrive\Desktop\HIS Quasar\HIS_Quasar\hospital-his-backend\node_modules\express\lib\router\index.js:175:3)
    at router (C:\Users\shrav\OneDrive\Desktop\HIS Quasar\HIS_Quasar\hospital-his-backend\node_modules\express\lib\router\index.js:47:12)
    at Layer.handle [as handle_request] (C:\Users\shrav\OneDrive\Desktop\HIS Quasar\HIS_Quasar\hospital-his-backend\node_modules\express\lib\router\layer.js:95:5)
2026-01-20 14:08:50 [ERROR]: Not authorized to access this route
Error: Not authorized to access this route
    at C:\Users\shrav\OneDrive\Desktop\HIS Quasar\HIS_Quasar\hospital-his-backend\middleware\auth.middleware.js:28:21
    at C:\Users\shrav\OneDrive\Desktop\HIS Quasar\HIS_Quasar\hospital-his-backend\utils\asyncHandler.js:7:21
    at Layer.handle [as handle_request] (C:\Users\shrav\OneDrive\Desktop\HIS Quasar\HIS_Quasar\hospital-his-backend\node_modules\express\lib\router\layer.js:95:5)
    at trim_prefix (C:\Users\shrav\OneDrive\Desktop\HIS Quasar\HIS_Quasar\hospital-his-backend\node_modules\express\lib\router\index.js:328:13)
    at C:\Users\shrav\OneDrive\Desktop\HIS Quasar\HIS_Quasar\hospital-his-backend\node_modules\express\lib\router\index.js:286:9
    at router.process_params (C:\Users\shrav\OneDrive\Desktop\HIS Quasar\HIS_Quasar\hospital-his-backend\node_modules\express\lib\router\index.js:346:12)
    at next (C:\Users\shrav\OneDrive\Desktop\HIS Quasar\HIS_Quasar\hospital-his-backend\node_modules\express\lib\router\index.js:280:10)
    at router.handle (C:\Users\shrav\OneDrive\Desktop\HIS Quasar\HIS_Quasar\hospital-his-backend\node_modules\express\lib\router\index.js:175:3)
    at router (C:\Users\shrav\OneDrive\Desktop\HIS Quasar\HIS_Quasar\hospital-his-backend\node_modules\express\lib\router\index.js:47:12)
    at Layer.handle [as handle_request] (C:\Users\shrav\OneDrive\Desktop\HIS Quasar\HIS_Quasar\hospital-his-backend\node_modules\express\lib\router\layer.js:95:5)
2026-01-20 14:13:12 [ERROR]: User role 'receptionist' is not authorized to access this route
Error: User role 'receptionist' is not authorized to access this route
    at C:\Users\shrav\OneDrive\Desktop\HIS Quasar\HIS_Quasar\hospital-his-backend\middleware\rbac.middleware.js:21:17
    at Layer.handle [as handle_request] (C:\Users\shrav\OneDrive\Desktop\HIS Quasar\HIS_Quasar\hospital-his-backend\node_modules\express\lib\router\layer.js:95:5)
    at next (C:\Users\shrav\OneDrive\Desktop\HIS Quasar\HIS_Quasar\hospital-his-backend\node_modules\express\lib\router\route.js:149:13)
    at Route.dispatch (C:\Users\shrav\OneDrive\Desktop\HIS Quasar\HIS_Quasar\hospital-his-backend\node_modules\express\lib\router\route.js:119:3)
    at Layer.handle [as handle_request] (C:\Users\shrav\OneDrive\Desktop\HIS Quasar\HIS_Quasar\hospital-his-backend\node_modules\express\lib\router\layer.js:95:5)
    at C:\Users\shrav\OneDrive\Desktop\HIS Quasar\HIS_Quasar\hospital-his-backend\node_modules\express\lib\router\index.js:284:15
    at router.process_params (C:\Users\shrav\OneDrive\Desktop\HIS Quasar\HIS_Quasar\hospital-his-backend\node_modules\express\lib\router\index.js:346:12)
    at next (C:\Users\shrav\OneDrive\Desktop\HIS Quasar\HIS_Quasar\hospital-his-backend\node_modules\express\lib\router\index.js:280:10)
    at C:\Users\shrav\OneDrive\Desktop\HIS Quasar\HIS_Quasar\hospital-his-backend\middleware\auth.middleware.js:46:9
    at process.processTicksAndRejections (node:internal/process/task_queues:103:5)
2026-01-20 14:13:12 [ERROR]: User role 'receptionist' is not authorized to access this route
Error: User role 'receptionist' is not authorized to access this route
    at C:\Users\shrav\OneDrive\Desktop\HIS Quasar\HIS_Quasar\hospital-his-backend\middleware\rbac.middleware.js:21:17
    at Layer.handle [as handle_request] (C:\Users\shrav\OneDrive\Desktop\HIS Quasar\HIS_Quasar\hospital-his-backend\node_modules\express\lib\router\layer.js:95:5)
    at next (C:\Users\shrav\OneDrive\Desktop\HIS Quasar\HIS_Quasar\hospital-his-backend\node_modules\express\lib\router\route.js:149:13)
    at Route.dispatch (C:\Users\shrav\OneDrive\Desktop\HIS Quasar\HIS_Quasar\hospital-his-backend\node_modules\express\lib\router\route.js:119:3)
    at Layer.handle [as handle_request] (C:\Users\shrav\OneDrive\Desktop\HIS Quasar\HIS_Quasar\hospital-his-backend\node_modules\express\lib\router\layer.js:95:5)
    at C:\Users\shrav\OneDrive\Desktop\HIS Quasar\HIS_Quasar\hospital-his-backend\node_modules\express\lib\router\index.js:284:15
    at router.process_params (C:\Users\shrav\OneDrive\Desktop\HIS Quasar\HIS_Quasar\hospital-his-backend\node_modules\express\lib\router\index.js:346:12)
    at next (C:\Users\shrav\OneDrive\Desktop\HIS Quasar\HIS_Quasar\hospital-his-backend\node_modules\express\lib\router\index.js:280:10)
    at C:\Users\shrav\OneDrive\Desktop\HIS Quasar\HIS_Quasar\hospital-his-backend\middleware\auth.middleware.js:46:9
    at process.processTicksAndRejections (node:internal/process/task_queues:103:5)
2026-01-20 14:13:23 [ERROR]: User role 'receptionist' is not authorized to access this route
Error: User role 'receptionist' is not authorized to access this route
    at C:\Users\shrav\OneDrive\Desktop\HIS Quasar\HIS_Quasar\hospital-his-backend\middleware\rbac.middleware.js:21:17
    at Layer.handle [as handle_request] (C:\Users\shrav\OneDrive\Desktop\HIS Quasar\HIS_Quasar\hospital-his-backend\node_modules\express\lib\router\layer.js:95:5)
    at next (C:\Users\shrav\OneDrive\Desktop\HIS Quasar\HIS_Quasar\hospital-his-backend\node_modules\express\lib\router\route.js:149:13)
    at Route.dispatch (C:\Users\shrav\OneDrive\Desktop\HIS Quasar\HIS_Quasar\hospital-his-backend\node_modules\express\lib\router\route.js:119:3)
    at Layer.handle [as handle_request] (C:\Users\shrav\OneDrive\Desktop\HIS Quasar\HIS_Quasar\hospital-his-backend\node_modules\express\lib\router\layer.js:95:5)
    at C:\Users\shrav\OneDrive\Desktop\HIS Quasar\HIS_Quasar\hospital-his-backend\node_modules\express\lib\router\index.js:284:15
    at router.process_params (C:\Users\shrav\OneDrive\Desktop\HIS Quasar\HIS_Quasar\hospital-his-backend\node_modules\express\lib\router\index.js:346:12)
    at next (C:\Users\shrav\OneDrive\Desktop\HIS Quasar\HIS_Quasar\hospital-his-backend\node_modules\express\lib\router\index.js:280:10)
    at C:\Users\shrav\OneDrive\Desktop\HIS Quasar\HIS_Quasar\hospital-his-backend\middleware\auth.middleware.js:46:9
    at process.processTicksAndRejections (node:internal/process/task_queues:103:5)
2026-01-20 14:13:23 [ERROR]: User role 'receptionist' is not authorized to access this route
Error: User role 'receptionist' is not authorized to access this route
    at C:\Users\shrav\OneDrive\Desktop\HIS Quasar\HIS_Quasar\hospital-his-backend\middleware\rbac.middleware.js:21:17
    at Layer.handle [as handle_request] (C:\Users\shrav\OneDrive\Desktop\HIS Quasar\HIS_Quasar\hospital-his-backend\node_modules\express\lib\router\layer.js:95:5)
    at next (C:\Users\shrav\OneDrive\Desktop\HIS Quasar\HIS_Quasar\hospital-his-backend\node_modules\express\lib\router\route.js:149:13)
    at Route.dispatch (C:\Users\shrav\OneDrive\Desktop\HIS Quasar\HIS_Quasar\hospital-his-backend\node_modules\express\lib\router\route.js:119:3)
    at Layer.handle [as handle_request] (C:\Users\shrav\OneDrive\Desktop\HIS Quasar\HIS_Quasar\hospital-his-backend\node_modules\express\lib\router\layer.js:95:5)
    at C:\Users\shrav\OneDrive\Desktop\HIS Quasar\HIS_Quasar\hospital-his-backend\node_modules\express\lib\router\index.js:284:15
    at router.process_params (C:\Users\shrav\OneDrive\Desktop\HIS Quasar\HIS_Quasar\hospital-his-backend\node_modules\express\lib\router\index.js:346:12)
    at next (C:\Users\shrav\OneDrive\Desktop\HIS Quasar\HIS_Quasar\hospital-his-backend\node_modules\express\lib\router\index.js:280:10)
    at C:\Users\shrav\OneDrive\Desktop\HIS Quasar\HIS_Quasar\hospital-his-backend\middleware\auth.middleware.js:46:9
    at process.processTicksAndRejections (node:internal/process/task_queues:103:5)
2026-01-20 14:16:08 [ERROR]: LabTest validation failed: testNumber: Path `testNumber` is required.
ValidationError: LabTest validation failed: testNumber: Path `testNumber` is required.
    at Document.invalidate (C:\Users\shrav\OneDrive\Desktop\HIS Quasar\HIS_Quasar\hospital-his-backend\node_modules\mongoose\lib\document.js:3221:32)
    at C:\Users\shrav\OneDrive\Desktop\HIS Quasar\HIS_Quasar\hospital-his-backend\node_modules\mongoose\lib\document.js:3014:17
    at C:\Users\shrav\OneDrive\Desktop\HIS Quasar\HIS_Quasar\hospital-his-backend\node_modules\mongoose\lib\schematype.js:1368:9
    at process.processTicksAndRejections (node:internal/process/task_queues:84:11)
2026-01-20 14:16:08 [ERROR]: LabTest validation failed: testNumber: Path `testNumber` is required.
ValidationError: LabTest validation failed: testNumber: Path `testNumber` is required.
    at Document.invalidate (C:\Users\shrav\OneDrive\Desktop\HIS Quasar\HIS_Quasar\hospital-his-backend\node_modules\mongoose\lib\document.js:3221:32)
    at C:\Users\shrav\OneDrive\Desktop\HIS Quasar\HIS_Quasar\hospital-his-backend\node_modules\mongoose\lib\document.js:3014:17
    at C:\Users\shrav\OneDrive\Desktop\HIS Quasar\HIS_Quasar\hospital-his-backend\node_modules\mongoose\lib\schematype.js:1368:9
    at process.processTicksAndRejections (node:internal/process/task_queues:84:11)
2026-01-20 14:16:31 [ERROR]: LabTest validation failed: testNumber: Path `testNumber` is required.
ValidationError: LabTest validation failed: testNumber: Path `testNumber` is required.
    at Document.invalidate (C:\Users\shrav\OneDrive\Desktop\HIS Quasar\HIS_Quasar\hospital-his-backend\node_modules\mongoose\lib\document.js:3221:32)
    at C:\Users\shrav\OneDrive\Desktop\HIS Quasar\HIS_Quasar\hospital-his-backend\node_modules\mongoose\lib\document.js:3014:17
    at C:\Users\shrav\OneDrive\Desktop\HIS Quasar\HIS_Quasar\hospital-his-backend\node_modules\mongoose\lib\schematype.js:1368:9
    at process.processTicksAndRejections (node:internal/process/task_queues:84:11)
2026-01-20 14:16:31 [ERROR]: LabTest validation failed: testNumber: Path `testNumber` is required.
ValidationError: LabTest validation failed: testNumber: Path `testNumber` is required.
    at Document.invalidate (C:\Users\shrav\OneDrive\Desktop\HIS Quasar\HIS_Quasar\hospital-his-backend\node_modules\mongoose\lib\document.js:3221:32)
    at C:\Users\shrav\OneDrive\Desktop\HIS Quasar\HIS_Quasar\hospital-his-backend\node_modules\mongoose\lib\document.js:3014:17
    at C:\Users\shrav\OneDrive\Desktop\HIS Quasar\HIS_Quasar\hospital-his-backend\node_modules\mongoose\lib\schematype.js:1368:9
    at process.processTicksAndRejections (node:internal/process/task_queues:84:11)
2026-01-20 14:19:05 [ERROR]: E11000 duplicate key error collection: test.labtests index: testNumber_1 dup key: { testNumber: "LAB2026012000001" }
MongoServerError: E11000 duplicate key error collection: test.labtests index: testNumber_1 dup key: { testNumber: "LAB2026012000001" }
    at C:\Users\shrav\OneDrive\Desktop\HIS Quasar\HIS_Quasar\hospital-his-backend\node_modules\mongodb\lib\operations\insert.js:50:33
    at C:\Users\shrav\OneDrive\Desktop\HIS Quasar\HIS_Quasar\hospital-his-backend\node_modules\mongodb\lib\operations\command.js:84:64
    at process.processTicksAndRejections (node:internal/process/task_queues:103:5)
2026-01-20 14:22:58 [ERROR]: User role 'doctor' is not authorized to access this route
Error: User role 'doctor' is not authorized to access this route
    at C:\Users\shrav\OneDrive\Desktop\HIS Quasar\HIS_Quasar\hospital-his-backend\middleware\rbac.middleware.js:21:17
    at Layer.handle [as handle_request] (C:\Users\shrav\OneDrive\Desktop\HIS Quasar\HIS_Quasar\hospital-his-backend\node_modules\express\lib\router\layer.js:95:5)
    at next (C:\Users\shrav\OneDrive\Desktop\HIS Quasar\HIS_Quasar\hospital-his-backend\node_modules\express\lib\router\route.js:149:13)
    at Route.dispatch (C:\Users\shrav\OneDrive\Desktop\HIS Quasar\HIS_Quasar\hospital-his-backend\node_modules\express\lib\router\route.js:119:3)
    at Layer.handle [as handle_request] (C:\Users\shrav\OneDrive\Desktop\HIS Quasar\HIS_Quasar\hospital-his-backend\node_modules\express\lib\router\layer.js:95:5)
    at C:\Users\shrav\OneDrive\Desktop\HIS Quasar\HIS_Quasar\hospital-his-backend\node_modules\express\lib\router\index.js:284:15
    at router.process_params (C:\Users\shrav\OneDrive\Desktop\HIS Quasar\HIS_Quasar\hospital-his-backend\node_modules\express\lib\router\index.js:346:12)
    at next (C:\Users\shrav\OneDrive\Desktop\HIS Quasar\HIS_Quasar\hospital-his-backend\node_modules\express\lib\router\index.js:280:10)
    at C:\Users\shrav\OneDrive\Desktop\HIS Quasar\HIS_Quasar\hospital-his-backend\middleware\auth.middleware.js:46:9
    at process.processTicksAndRejections (node:internal/process/task_queues:103:5)
2026-01-20 14:22:58 [ERROR]: User role 'doctor' is not authorized to access this route
Error: User role 'doctor' is not authorized to access this route
    at C:\Users\shrav\OneDrive\Desktop\HIS Quasar\HIS_Quasar\hospital-his-backend\middleware\rbac.middleware.js:21:17
    at Layer.handle [as handle_request] (C:\Users\shrav\OneDrive\Desktop\HIS Quasar\HIS_Quasar\hospital-his-backend\node_modules\express\lib\router\layer.js:95:5)
    at next (C:\Users\shrav\OneDrive\Desktop\HIS Quasar\HIS_Quasar\hospital-his-backend\node_modules\express\lib\router\route.js:149:13)
    at Route.dispatch (C:\Users\shrav\OneDrive\Desktop\HIS Quasar\HIS_Quasar\hospital-his-backend\node_modules\express\lib\router\route.js:119:3)
    at Layer.handle [as handle_request] (C:\Users\shrav\OneDrive\Desktop\HIS Quasar\HIS_Quasar\hospital-his-backend\node_modules\express\lib\router\layer.js:95:5)
    at C:\Users\shrav\OneDrive\Desktop\HIS Quasar\HIS_Quasar\hospital-his-backend\node_modules\express\lib\router\index.js:284:15
    at router.process_params (C:\Users\shrav\OneDrive\Desktop\HIS Quasar\HIS_Quasar\hospital-his-backend\node_modules\express\lib\router\index.js:346:12)
    at next (C:\Users\shrav\OneDrive\Desktop\HIS Quasar\HIS_Quasar\hospital-his-backend\node_modules\express\lib\router\index.js:280:10)
    at C:\Users\shrav\OneDrive\Desktop\HIS Quasar\HIS_Quasar\hospital-his-backend\middleware\auth.middleware.js:46:9
    at process.processTicksAndRejections (node:internal/process/task_queues:103:5)
2026-01-20 14:22:58 [ERROR]: User role 'doctor' is not authorized to access this route
Error: User role 'doctor' is not authorized to access this route
    at C:\Users\shrav\OneDrive\Desktop\HIS Quasar\HIS_Quasar\hospital-his-backend\middleware\rbac.middleware.js:21:17
    at Layer.handle [as handle_request] (C:\Users\shrav\OneDrive\Desktop\HIS Quasar\HIS_Quasar\hospital-his-backend\node_modules\express\lib\router\layer.js:95:5)
    at next (C:\Users\shrav\OneDrive\Desktop\HIS Quasar\HIS_Quasar\hospital-his-backend\node_modules\express\lib\router\route.js:149:13)
    at Route.dispatch (C:\Users\shrav\OneDrive\Desktop\HIS Quasar\HIS_Quasar\hospital-his-backend\node_modules\express\lib\router\route.js:119:3)
    at Layer.handle [as handle_request] (C:\Users\shrav\OneDrive\Desktop\HIS Quasar\HIS_Quasar\hospital-his-backend\node_modules\express\lib\router\layer.js:95:5)
    at C:\Users\shrav\OneDrive\Desktop\HIS Quasar\HIS_Quasar\hospital-his-backend\node_modules\express\lib\router\index.js:284:15
    at router.process_params (C:\Users\shrav\OneDrive\Desktop\HIS Quasar\HIS_Quasar\hospital-his-backend\node_modules\express\lib\router\index.js:346:12)
    at next (C:\Users\shrav\OneDrive\Desktop\HIS Quasar\HIS_Quasar\hospital-his-backend\node_modules\express\lib\router\index.js:280:10)
    at C:\Users\shrav\OneDrive\Desktop\HIS Quasar\HIS_Quasar\hospital-his-backend\middleware\auth.middleware.js:46:9
    at process.processTicksAndRejections (node:internal/process/task_queues:103:5)
2026-01-20 14:22:58 [ERROR]: User role 'doctor' is not authorized to access this route
Error: User role 'doctor' is not authorized to access this route
    at C:\Users\shrav\OneDrive\Desktop\HIS Quasar\HIS_Quasar\hospital-his-backend\middleware\rbac.middleware.js:21:17
    at Layer.handle [as handle_request] (C:\Users\shrav\OneDrive\Desktop\HIS Quasar\HIS_Quasar\hospital-his-backend\node_modules\express\lib\router\layer.js:95:5)
    at next (C:\Users\shrav\OneDrive\Desktop\HIS Quasar\HIS_Quasar\hospital-his-backend\node_modules\express\lib\router\route.js:149:13)
    at Route.dispatch (C:\Users\shrav\OneDrive\Desktop\HIS Quasar\HIS_Quasar\hospital-his-backend\node_modules\express\lib\router\route.js:119:3)
    at Layer.handle [as handle_request] (C:\Users\shrav\OneDrive\Desktop\HIS Quasar\HIS_Quasar\hospital-his-backend\node_modules\express\lib\router\layer.js:95:5)
    at C:\Users\shrav\OneDrive\Desktop\HIS Quasar\HIS_Quasar\hospital-his-backend\node_modules\express\lib\router\index.js:284:15
    at router.process_params (C:\Users\shrav\OneDrive\Desktop\HIS Quasar\HIS_Quasar\hospital-his-backend\node_modules\express\lib\router\index.js:346:12)
    at next (C:\Users\shrav\OneDrive\Desktop\HIS Quasar\HIS_Quasar\hospital-his-backend\node_modules\express\lib\router\index.js:280:10)
    at C:\Users\shrav\OneDrive\Desktop\HIS Quasar\HIS_Quasar\hospital-his-backend\middleware\auth.middleware.js:46:9
    at process.processTicksAndRejections (node:internal/process/task_queues:103:5)
2026-01-20 14:50:49 [ERROR]: E11000 duplicate key error collection: test.labtests index: testNumber_1 dup key: { testNumber: "LAB2026012000003" }
MongoServerError: E11000 duplicate key error collection: test.labtests index: testNumber_1 dup key: { testNumber: "LAB2026012000003" }
    at C:\Users\shrav\OneDrive\Desktop\HIS Quasar\HIS_Quasar\hospital-his-backend\node_modules\mongodb\lib\operations\insert.js:50:33
    at C:\Users\shrav\OneDrive\Desktop\HIS Quasar\HIS_Quasar\hospital-his-backend\node_modules\mongodb\lib\operations\command.js:84:64
    at process.processTicksAndRejections (node:internal/process/task_queues:103:5)
2026-01-20 14:50:55 [ERROR]: E11000 duplicate key error collection: test.labtests index: testNumber_1 dup key: { testNumber: "LAB2026012000004" }
MongoServerError: E11000 duplicate key error collection: test.labtests index: testNumber_1 dup key: { testNumber: "LAB2026012000004" }
    at C:\Users\shrav\OneDrive\Desktop\HIS Quasar\HIS_Quasar\hospital-his-backend\node_modules\mongodb\lib\operations\insert.js:50:33
    at C:\Users\shrav\OneDrive\Desktop\HIS Quasar\HIS_Quasar\hospital-his-backend\node_modules\mongodb\lib\operations\command.js:84:64
    at process.processTicksAndRejections (node:internal/process/task_queues:103:5)
2026-01-20 14:52:28 [ERROR]: Invalid credentials
Error: Invalid credentials
    at C:\Users\shrav\OneDrive\Desktop\HIS Quasar\HIS_Quasar\hospital-his-backend\controllers\auth.controller.js:36:21
2026-01-20 15:06:45 [ERROR]: Invalid credentials
Error: Invalid credentials
    at C:\Users\shrav\OneDrive\Desktop\HIS Quasar\HIS_Quasar\hospital-his-backend\controllers\auth.controller.js:36:21
2026-01-20 15:16:50 [ERROR]: Invalid credentials
Error: Invalid credentials
    at C:\Users\shrav\OneDrive\Desktop\HIS Quasar\HIS_Quasar\hospital-his-backend\controllers\auth.controller.js:36:21
2026-01-20 15:17:01 [ERROR]: Invalid credentials
Error: Invalid credentials
    at C:\Users\shrav\OneDrive\Desktop\HIS Quasar\HIS_Quasar\hospital-his-backend\controllers\auth.controller.js:36:21
2026-01-20 15:17:10 [ERROR]: Invalid credentials
Error: Invalid credentials
    at C:\Users\shrav\OneDrive\Desktop\HIS Quasar\HIS_Quasar\hospital-his-backend\controllers\auth.controller.js:36:21
2026-01-20 15:37:47 [ERROR]: User role 'doctor' is not authorized to access this route
Error: User role 'doctor' is not authorized to access this route
    at C:\Users\shrav\OneDrive\Desktop\HIS Quasar\HIS_Quasar\hospital-his-backend\middleware\rbac.middleware.js:21:17
    at Layer.handle [as handle_request] (C:\Users\shrav\OneDrive\Desktop\HIS Quasar\HIS_Quasar\hospital-his-backend\node_modules\express\lib\router\layer.js:95:5)
    at next (C:\Users\shrav\OneDrive\Desktop\HIS Quasar\HIS_Quasar\hospital-his-backend\node_modules\express\lib\router\route.js:149:13)
    at Route.dispatch (C:\Users\shrav\OneDrive\Desktop\HIS Quasar\HIS_Quasar\hospital-his-backend\node_modules\express\lib\router\route.js:119:3)
    at Layer.handle [as handle_request] (C:\Users\shrav\OneDrive\Desktop\HIS Quasar\HIS_Quasar\hospital-his-backend\node_modules\express\lib\router\layer.js:95:5)
    at C:\Users\shrav\OneDrive\Desktop\HIS Quasar\HIS_Quasar\hospital-his-backend\node_modules\express\lib\router\index.js:284:15
    at router.process_params (C:\Users\shrav\OneDrive\Desktop\HIS Quasar\HIS_Quasar\hospital-his-backend\node_modules\express\lib\router\index.js:346:12)
    at next (C:\Users\shrav\OneDrive\Desktop\HIS Quasar\HIS_Quasar\hospital-his-backend\node_modules\express\lib\router\index.js:280:10)
    at C:\Users\shrav\OneDrive\Desktop\HIS Quasar\HIS_Quasar\hospital-his-backend\middleware\auth.middleware.js:46:9
    at process.processTicksAndRejections (node:internal/process/task_queues:103:5)
2026-01-20 15:37:47 [ERROR]: User role 'doctor' is not authorized to access this route
Error: User role 'doctor' is not authorized to access this route
    at C:\Users\shrav\OneDrive\Desktop\HIS Quasar\HIS_Quasar\hospital-his-backend\middleware\rbac.middleware.js:21:17
    at Layer.handle [as handle_request] (C:\Users\shrav\OneDrive\Desktop\HIS Quasar\HIS_Quasar\hospital-his-backend\node_modules\express\lib\router\layer.js:95:5)
    at next (C:\Users\shrav\OneDrive\Desktop\HIS Quasar\HIS_Quasar\hospital-his-backend\node_modules\express\lib\router\route.js:149:13)
    at Route.dispatch (C:\Users\shrav\OneDrive\Desktop\HIS Quasar\HIS_Quasar\hospital-his-backend\node_modules\express\lib\router\route.js:119:3)
    at Layer.handle [as handle_request] (C:\Users\shrav\OneDrive\Desktop\HIS Quasar\HIS_Quasar\hospital-his-backend\node_modules\express\lib\router\layer.js:95:5)
    at C:\Users\shrav\OneDrive\Desktop\HIS Quasar\HIS_Quasar\hospital-his-backend\node_modules\express\lib\router\index.js:284:15
    at router.process_params (C:\Users\shrav\OneDrive\Desktop\HIS Quasar\HIS_Quasar\hospital-his-backend\node_modules\express\lib\router\index.js:346:12)
    at next (C:\Users\shrav\OneDrive\Desktop\HIS Quasar\HIS_Quasar\hospital-his-backend\node_modules\express\lib\router\index.js:280:10)
    at C:\Users\shrav\OneDrive\Desktop\HIS Quasar\HIS_Quasar\hospital-his-backend\middleware\auth.middleware.js:46:9
    at process.processTicksAndRejections (node:internal/process/task_queues:103:5)
2026-01-20 15:37:47 [ERROR]: User role 'doctor' is not authorized to access this route
Error: User role 'doctor' is not authorized to access this route
    at C:\Users\shrav\OneDrive\Desktop\HIS Quasar\HIS_Quasar\hospital-his-backend\middleware\rbac.middleware.js:21:17
    at Layer.handle [as handle_request] (C:\Users\shrav\OneDrive\Desktop\HIS Quasar\HIS_Quasar\hospital-his-backend\node_modules\express\lib\router\layer.js:95:5)
    at next (C:\Users\shrav\OneDrive\Desktop\HIS Quasar\HIS_Quasar\hospital-his-backend\node_modules\express\lib\router\route.js:149:13)
    at Route.dispatch (C:\Users\shrav\OneDrive\Desktop\HIS Quasar\HIS_Quasar\hospital-his-backend\node_modules\express\lib\router\route.js:119:3)
    at Layer.handle [as handle_request] (C:\Users\shrav\OneDrive\Desktop\HIS Quasar\HIS_Quasar\hospital-his-backend\node_modules\express\lib\router\layer.js:95:5)
    at C:\Users\shrav\OneDrive\Desktop\HIS Quasar\HIS_Quasar\hospital-his-backend\node_modules\express\lib\router\index.js:284:15
    at router.process_params (C:\Users\shrav\OneDrive\Desktop\HIS Quasar\HIS_Quasar\hospital-his-backend\node_modules\express\lib\router\index.js:346:12)
    at next (C:\Users\shrav\OneDrive\Desktop\HIS Quasar\HIS_Quasar\hospital-his-backend\node_modules\express\lib\router\index.js:280:10)
    at C:\Users\shrav\OneDrive\Desktop\HIS Quasar\HIS_Quasar\hospital-his-backend\middleware\auth.middleware.js:46:9
    at process.processTicksAndRejections (node:internal/process/task_queues:103:5)
2026-01-20 15:37:47 [ERROR]: User role 'doctor' is not authorized to access this route
Error: User role 'doctor' is not authorized to access this route
    at C:\Users\shrav\OneDrive\Desktop\HIS Quasar\HIS_Quasar\hospital-his-backend\middleware\rbac.middleware.js:21:17
    at Layer.handle [as handle_request] (C:\Users\shrav\OneDrive\Desktop\HIS Quasar\HIS_Quasar\hospital-his-backend\node_modules\express\lib\router\layer.js:95:5)
    at next (C:\Users\shrav\OneDrive\Desktop\HIS Quasar\HIS_Quasar\hospital-his-backend\node_modules\express\lib\router\route.js:149:13)
    at Route.dispatch (C:\Users\shrav\OneDrive\Desktop\HIS Quasar\HIS_Quasar\hospital-his-backend\node_modules\express\lib\router\route.js:119:3)
    at Layer.handle [as handle_request] (C:\Users\shrav\OneDrive\Desktop\HIS Quasar\HIS_Quasar\hospital-his-backend\node_modules\express\lib\router\layer.js:95:5)
    at C:\Users\shrav\OneDrive\Desktop\HIS Quasar\HIS_Quasar\hospital-his-backend\node_modules\express\lib\router\index.js:284:15
    at router.process_params (C:\Users\shrav\OneDrive\Desktop\HIS Quasar\HIS_Quasar\hospital-his-backend\node_modules\express\lib\router\index.js:346:12)
    at next (C:\Users\shrav\OneDrive\Desktop\HIS Quasar\HIS_Quasar\hospital-his-backend\node_modules\express\lib\router\index.js:280:10)
    at C:\Users\shrav\OneDrive\Desktop\HIS Quasar\HIS_Quasar\hospital-his-backend\middleware\auth.middleware.js:46:9
    at process.processTicksAndRejections (node:internal/process/task_queues:103:5)
2026-01-20 16:07:10 [ERROR]: Invalid credentials
Error: Invalid credentials
    at C:\Users\shrav\OneDrive\Desktop\HIS Quasar\HIS_Quasar\hospital-his-backend\controllers\auth.controller.js:36:21
2026-01-20 16:07:27 [ERROR]: Invalid credentials
Error: Invalid credentials
    at C:\Users\shrav\OneDrive\Desktop\HIS Quasar\HIS_Quasar\hospital-his-backend\controllers\auth.controller.js:36:21
2026-01-20 16:32:54 [ERROR]: Cast to ObjectId failed for value "occupancy" (type string) at path "_id" for model "Bed"
CastError: Cast to ObjectId failed for value "occupancy" (type string) at path "_id" for model "Bed"
    at ObjectId.cast (C:\Users\shrav\OneDrive\Desktop\HIS Quasar\HIS_Quasar\hospital-his-backend\node_modules\mongoose\lib\schema\objectid.js:250:11)
    at SchemaType.applySetters (C:\Users\shrav\OneDrive\Desktop\HIS Quasar\HIS_Quasar\hospital-his-backend\node_modules\mongoose\lib\schematype.js:1219:12)
    at SchemaType.castForQuery (C:\Users\shrav\OneDrive\Desktop\HIS Quasar\HIS_Quasar\hospital-his-backend\node_modules\mongoose\lib\schematype.js:1633:15)
    at cast (C:\Users\shrav\OneDrive\Desktop\HIS Quasar\HIS_Quasar\hospital-his-backend\node_modules\mongoose\lib\cast.js:389:32)
    at Query.cast (C:\Users\shrav\OneDrive\Desktop\HIS Quasar\HIS_Quasar\hospital-his-backend\node_modules\mongoose\lib\query.js:4927:12)
    at Query._castConditions (C:\Users\shrav\OneDrive\Desktop\HIS Quasar\HIS_Quasar\hospital-his-backend\node_modules\mongoose\lib\query.js:2237:10)
    at model.Query._findOne (C:\Users\shrav\OneDrive\Desktop\HIS Quasar\HIS_Quasar\hospital-his-backend\node_modules\mongoose\lib\query.js:2533:8)
    at model.Query.exec (C:\Users\shrav\OneDrive\Desktop\HIS Quasar\HIS_Quasar\hospital-his-backend\node_modules\mongoose\lib\query.js:4447:28)
    at process.processTicksAndRejections (node:internal/process/task_queues:103:5)
    at async C:\Users\shrav\OneDrive\Desktop\HIS Quasar\HIS_Quasar\hospital-his-backend\controllers\bed.controller.js:36:17
2026-01-20 16:32:54 [ERROR]: Cast to ObjectId failed for value "wards" (type string) at path "_id" for model "Bed"
CastError: Cast to ObjectId failed for value "wards" (type string) at path "_id" for model "Bed"
    at ObjectId.cast (C:\Users\shrav\OneDrive\Desktop\HIS Quasar\HIS_Quasar\hospital-his-backend\node_modules\mongoose\lib\schema\objectid.js:250:11)
    at SchemaType.applySetters (C:\Users\shrav\OneDrive\Desktop\HIS Quasar\HIS_Quasar\hospital-his-backend\node_modules\mongoose\lib\schematype.js:1219:12)
    at SchemaType.castForQuery (C:\Users\shrav\OneDrive\Desktop\HIS Quasar\HIS_Quasar\hospital-his-backend\node_modules\mongoose\lib\schematype.js:1633:15)
    at cast (C:\Users\shrav\OneDrive\Desktop\HIS Quasar\HIS_Quasar\hospital-his-backend\node_modules\mongoose\lib\cast.js:389:32)
    at Query.cast (C:\Users\shrav\OneDrive\Desktop\HIS Quasar\HIS_Quasar\hospital-his-backend\node_modules\mongoose\lib\query.js:4927:12)
    at Query._castConditions (C:\Users\shrav\OneDrive\Desktop\HIS Quasar\HIS_Quasar\hospital-his-backend\node_modules\mongoose\lib\query.js:2237:10)
    at model.Query._findOne (C:\Users\shrav\OneDrive\Desktop\HIS Quasar\HIS_Quasar\hospital-his-backend\node_modules\mongoose\lib\query.js:2533:8)
    at model.Query.exec (C:\Users\shrav\OneDrive\Desktop\HIS Quasar\HIS_Quasar\hospital-his-backend\node_modules\mongoose\lib\query.js:4447:28)
    at process.processTicksAndRejections (node:internal/process/task_queues:103:5)
    at async C:\Users\shrav\OneDrive\Desktop\HIS Quasar\HIS_Quasar\hospital-his-backend\controllers\bed.controller.js:36:17
2026-01-20 16:32:54 [ERROR]: Cast to ObjectId failed for value "wards" (type string) at path "_id" for model "Bed"
CastError: Cast to ObjectId failed for value "wards" (type string) at path "_id" for model "Bed"
    at ObjectId.cast (C:\Users\shrav\OneDrive\Desktop\HIS Quasar\HIS_Quasar\hospital-his-backend\node_modules\mongoose\lib\schema\objectid.js:250:11)
    at SchemaType.applySetters (C:\Users\shrav\OneDrive\Desktop\HIS Quasar\HIS_Quasar\hospital-his-backend\node_modules\mongoose\lib\schematype.js:1219:12)
    at SchemaType.castForQuery (C:\Users\shrav\OneDrive\Desktop\HIS Quasar\HIS_Quasar\hospital-his-backend\node_modules\mongoose\lib\schematype.js:1633:15)
    at cast (C:\Users\shrav\OneDrive\Desktop\HIS Quasar\HIS_Quasar\hospital-his-backend\node_modules\mongoose\lib\cast.js:389:32)
    at Query.cast (C:\Users\shrav\OneDrive\Desktop\HIS Quasar\HIS_Quasar\hospital-his-backend\node_modules\mongoose\lib\query.js:4927:12)
    at Query._castConditions (C:\Users\shrav\OneDrive\Desktop\HIS Quasar\HIS_Quasar\hospital-his-backend\node_modules\mongoose\lib\query.js:2237:10)
    at model.Query._findOne (C:\Users\shrav\OneDrive\Desktop\HIS Quasar\HIS_Quasar\hospital-his-backend\node_modules\mongoose\lib\query.js:2533:8)
    at model.Query.exec (C:\Users\shrav\OneDrive\Desktop\HIS Quasar\HIS_Quasar\hospital-his-backend\node_modules\mongoose\lib\query.js:4447:28)
    at process.processTicksAndRejections (node:internal/process/task_queues:103:5)
    at async C:\Users\shrav\OneDrive\Desktop\HIS Quasar\HIS_Quasar\hospital-his-backend\controllers\bed.controller.js:36:17
2026-01-20 16:32:54 [ERROR]: Cast to ObjectId failed for value "occupancy" (type string) at path "_id" for model "Bed"
CastError: Cast to ObjectId failed for value "occupancy" (type string) at path "_id" for model "Bed"
    at ObjectId.cast (C:\Users\shrav\OneDrive\Desktop\HIS Quasar\HIS_Quasar\hospital-his-backend\node_modules\mongoose\lib\schema\objectid.js:250:11)
    at SchemaType.applySetters (C:\Users\shrav\OneDrive\Desktop\HIS Quasar\HIS_Quasar\hospital-his-backend\node_modules\mongoose\lib\schematype.js:1219:12)
    at SchemaType.castForQuery (C:\Users\shrav\OneDrive\Desktop\HIS Quasar\HIS_Quasar\hospital-his-backend\node_modules\mongoose\lib\schematype.js:1633:15)
    at cast (C:\Users\shrav\OneDrive\Desktop\HIS Quasar\HIS_Quasar\hospital-his-backend\node_modules\mongoose\lib\cast.js:389:32)
    at Query.cast (C:\Users\shrav\OneDrive\Desktop\HIS Quasar\HIS_Quasar\hospital-his-backend\node_modules\mongoose\lib\query.js:4927:12)
    at Query._castConditions (C:\Users\shrav\OneDrive\Desktop\HIS Quasar\HIS_Quasar\hospital-his-backend\node_modules\mongoose\lib\query.js:2237:10)
    at model.Query._findOne (C:\Users\shrav\OneDrive\Desktop\HIS Quasar\HIS_Quasar\hospital-his-backend\node_modules\mongoose\lib\query.js:2533:8)
    at model.Query.exec (C:\Users\shrav\OneDrive\Desktop\HIS Quasar\HIS_Quasar\hospital-his-backend\node_modules\mongoose\lib\query.js:4447:28)
    at process.processTicksAndRejections (node:internal/process/task_queues:103:5)
    at async C:\Users\shrav\OneDrive\Desktop\HIS Quasar\HIS_Quasar\hospital-his-backend\controllers\bed.controller.js:36:17
2026-01-20 16:36:34 [ERROR]: User role 'receptionist' is not authorized to access this route
Error: User role 'receptionist' is not authorized to access this route
    at C:\Users\shrav\OneDrive\Desktop\HIS Quasar\HIS_Quasar\hospital-his-backend\middleware\rbac.middleware.js:21:17
    at Layer.handle [as handle_request] (C:\Users\shrav\OneDrive\Desktop\HIS Quasar\HIS_Quasar\hospital-his-backend\node_modules\express\lib\router\layer.js:95:5)
    at next (C:\Users\shrav\OneDrive\Desktop\HIS Quasar\HIS_Quasar\hospital-his-backend\node_modules\express\lib\router\route.js:149:13)
    at Route.dispatch (C:\Users\shrav\OneDrive\Desktop\HIS Quasar\HIS_Quasar\hospital-his-backend\node_modules\express\lib\router\route.js:119:3)
    at Layer.handle [as handle_request] (C:\Users\shrav\OneDrive\Desktop\HIS Quasar\HIS_Quasar\hospital-his-backend\node_modules\express\lib\router\layer.js:95:5)
    at C:\Users\shrav\OneDrive\Desktop\HIS Quasar\HIS_Quasar\hospital-his-backend\node_modules\express\lib\router\index.js:284:15
    at router.process_params (C:\Users\shrav\OneDrive\Desktop\HIS Quasar\HIS_Quasar\hospital-his-backend\node_modules\express\lib\router\index.js:346:12)
    at next (C:\Users\shrav\OneDrive\Desktop\HIS Quasar\HIS_Quasar\hospital-his-backend\node_modules\express\lib\router\index.js:280:10)
    at C:\Users\shrav\OneDrive\Desktop\HIS Quasar\HIS_Quasar\hospital-his-backend\middleware\auth.middleware.js:46:9
    at process.processTicksAndRejections (node:internal/process/task_queues:103:5)
2026-01-20 16:36:34 [ERROR]: User role 'receptionist' is not authorized to access this route
Error: User role 'receptionist' is not authorized to access this route
    at C:\Users\shrav\OneDrive\Desktop\HIS Quasar\HIS_Quasar\hospital-his-backend\middleware\rbac.middleware.js:21:17
    at Layer.handle [as handle_request] (C:\Users\shrav\OneDrive\Desktop\HIS Quasar\HIS_Quasar\hospital-his-backend\node_modules\express\lib\router\layer.js:95:5)
    at next (C:\Users\shrav\OneDrive\Desktop\HIS Quasar\HIS_Quasar\hospital-his-backend\node_modules\express\lib\router\route.js:149:13)
    at Route.dispatch (C:\Users\shrav\OneDrive\Desktop\HIS Quasar\HIS_Quasar\hospital-his-backend\node_modules\express\lib\router\route.js:119:3)
    at Layer.handle [as handle_request] (C:\Users\shrav\OneDrive\Desktop\HIS Quasar\HIS_Quasar\hospital-his-backend\node_modules\express\lib\router\layer.js:95:5)
    at C:\Users\shrav\OneDrive\Desktop\HIS Quasar\HIS_Quasar\hospital-his-backend\node_modules\express\lib\router\index.js:284:15
    at router.process_params (C:\Users\shrav\OneDrive\Desktop\HIS Quasar\HIS_Quasar\hospital-his-backend\node_modules\express\lib\router\index.js:346:12)
    at next (C:\Users\shrav\OneDrive\Desktop\HIS Quasar\HIS_Quasar\hospital-his-backend\node_modules\express\lib\router\index.js:280:10)
    at C:\Users\shrav\OneDrive\Desktop\HIS Quasar\HIS_Quasar\hospital-his-backend\middleware\auth.middleware.js:46:9
    at process.processTicksAndRejections (node:internal/process/task_queues:103:5)
2026-01-20 16:36:34 [ERROR]: User role 'receptionist' is not authorized to access this route
Error: User role 'receptionist' is not authorized to access this route
    at C:\Users\shrav\OneDrive\Desktop\HIS Quasar\HIS_Quasar\hospital-his-backend\middleware\rbac.middleware.js:21:17
    at Layer.handle [as handle_request] (C:\Users\shrav\OneDrive\Desktop\HIS Quasar\HIS_Quasar\hospital-his-backend\node_modules\express\lib\router\layer.js:95:5)
    at next (C:\Users\shrav\OneDrive\Desktop\HIS Quasar\HIS_Quasar\hospital-his-backend\node_modules\express\lib\router\route.js:149:13)
    at Route.dispatch (C:\Users\shrav\OneDrive\Desktop\HIS Quasar\HIS_Quasar\hospital-his-backend\node_modules\express\lib\router\route.js:119:3)
    at Layer.handle [as handle_request] (C:\Users\shrav\OneDrive\Desktop\HIS Quasar\HIS_Quasar\hospital-his-backend\node_modules\express\lib\router\layer.js:95:5)
    at C:\Users\shrav\OneDrive\Desktop\HIS Quasar\HIS_Quasar\hospital-his-backend\node_modules\express\lib\router\index.js:284:15
    at router.process_params (C:\Users\shrav\OneDrive\Desktop\HIS Quasar\HIS_Quasar\hospital-his-backend\node_modules\express\lib\router\index.js:346:12)
    at next (C:\Users\shrav\OneDrive\Desktop\HIS Quasar\HIS_Quasar\hospital-his-backend\node_modules\express\lib\router\index.js:280:10)
    at C:\Users\shrav\OneDrive\Desktop\HIS Quasar\HIS_Quasar\hospital-his-backend\middleware\auth.middleware.js:46:9
    at process.processTicksAndRejections (node:internal/process/task_queues:103:5)
2026-01-20 16:36:34 [ERROR]: User role 'receptionist' is not authorized to access this route
Error: User role 'receptionist' is not authorized to access this route
    at C:\Users\shrav\OneDrive\Desktop\HIS Quasar\HIS_Quasar\hospital-his-backend\middleware\rbac.middleware.js:21:17
    at Layer.handle [as handle_request] (C:\Users\shrav\OneDrive\Desktop\HIS Quasar\HIS_Quasar\hospital-his-backend\node_modules\express\lib\router\layer.js:95:5)
    at next (C:\Users\shrav\OneDrive\Desktop\HIS Quasar\HIS_Quasar\hospital-his-backend\node_modules\express\lib\router\route.js:149:13)
    at Route.dispatch (C:\Users\shrav\OneDrive\Desktop\HIS Quasar\HIS_Quasar\hospital-his-backend\node_modules\express\lib\router\route.js:119:3)
    at Layer.handle [as handle_request] (C:\Users\shrav\OneDrive\Desktop\HIS Quasar\HIS_Quasar\hospital-his-backend\node_modules\express\lib\router\layer.js:95:5)
    at C:\Users\shrav\OneDrive\Desktop\HIS Quasar\HIS_Quasar\hospital-his-backend\node_modules\express\lib\router\index.js:284:15
    at router.process_params (C:\Users\shrav\OneDrive\Desktop\HIS Quasar\HIS_Quasar\hospital-his-backend\node_modules\express\lib\router\index.js:346:12)
    at next (C:\Users\shrav\OneDrive\Desktop\HIS Quasar\HIS_Quasar\hospital-his-backend\node_modules\express\lib\router\index.js:280:10)
    at C:\Users\shrav\OneDrive\Desktop\HIS Quasar\HIS_Quasar\hospital-his-backend\middleware\auth.middleware.js:46:9
    at process.processTicksAndRejections (node:internal/process/task_queues:103:5)
2026-01-20 16:40:08 [ERROR]: Invalid credentials
Error: Invalid credentials
    at C:\Users\shrav\OneDrive\Desktop\HIS Quasar\HIS_Quasar\hospital-his-backend\controllers\auth.controller.js:24:21
    at process.processTicksAndRejections (node:internal/process/task_queues:103:5)
2026-01-20 16:40:09 [ERROR]: Invalid credentials
Error: Invalid credentials
    at C:\Users\shrav\OneDrive\Desktop\HIS Quasar\HIS_Quasar\hospital-his-backend\controllers\auth.controller.js:24:21
    at process.processTicksAndRejections (node:internal/process/task_queues:103:5)
2026-01-20 16:40:14 [ERROR]: Cast to ObjectId failed for value "occupancy" (type string) at path "_id" for model "Bed"
CastError: Cast to ObjectId failed for value "occupancy" (type string) at path "_id" for model "Bed"
    at ObjectId.cast (C:\Users\shrav\OneDrive\Desktop\HIS Quasar\HIS_Quasar\hospital-his-backend\node_modules\mongoose\lib\schema\objectid.js:250:11)
    at SchemaType.applySetters (C:\Users\shrav\OneDrive\Desktop\HIS Quasar\HIS_Quasar\hospital-his-backend\node_modules\mongoose\lib\schematype.js:1219:12)
    at SchemaType.castForQuery (C:\Users\shrav\OneDrive\Desktop\HIS Quasar\HIS_Quasar\hospital-his-backend\node_modules\mongoose\lib\schematype.js:1633:15)
    at cast (C:\Users\shrav\OneDrive\Desktop\HIS Quasar\HIS_Quasar\hospital-his-backend\node_modules\mongoose\lib\cast.js:389:32)
    at Query.cast (C:\Users\shrav\OneDrive\Desktop\HIS Quasar\HIS_Quasar\hospital-his-backend\node_modules\mongoose\lib\query.js:4927:12)
    at Query._castConditions (C:\Users\shrav\OneDrive\Desktop\HIS Quasar\HIS_Quasar\hospital-his-backend\node_modules\mongoose\lib\query.js:2237:10)
    at model.Query._findOne (C:\Users\shrav\OneDrive\Desktop\HIS Quasar\HIS_Quasar\hospital-his-backend\node_modules\mongoose\lib\query.js:2533:8)
    at model.Query.exec (C:\Users\shrav\OneDrive\Desktop\HIS Quasar\HIS_Quasar\hospital-his-backend\node_modules\mongoose\lib\query.js:4447:28)
    at process.processTicksAndRejections (node:internal/process/task_queues:103:5)
    at async C:\Users\shrav\OneDrive\Desktop\HIS Quasar\HIS_Quasar\hospital-his-backend\controllers\bed.controller.js:36:17
2026-01-20 16:40:14 [ERROR]: User role 'doctor' is not authorized to access this route
Error: User role 'doctor' is not authorized to access this route
    at C:\Users\shrav\OneDrive\Desktop\HIS Quasar\HIS_Quasar\hospital-his-backend\middleware\rbac.middleware.js:21:17
    at Layer.handle [as handle_request] (C:\Users\shrav\OneDrive\Desktop\HIS Quasar\HIS_Quasar\hospital-his-backend\node_modules\express\lib\router\layer.js:95:5)
    at next (C:\Users\shrav\OneDrive\Desktop\HIS Quasar\HIS_Quasar\hospital-his-backend\node_modules\express\lib\router\route.js:149:13)
    at Route.dispatch (C:\Users\shrav\OneDrive\Desktop\HIS Quasar\HIS_Quasar\hospital-his-backend\node_modules\express\lib\router\route.js:119:3)
    at Layer.handle [as handle_request] (C:\Users\shrav\OneDrive\Desktop\HIS Quasar\HIS_Quasar\hospital-his-backend\node_modules\express\lib\router\layer.js:95:5)
    at C:\Users\shrav\OneDrive\Desktop\HIS Quasar\HIS_Quasar\hospital-his-backend\node_modules\express\lib\router\index.js:284:15
    at router.process_params (C:\Users\shrav\OneDrive\Desktop\HIS Quasar\HIS_Quasar\hospital-his-backend\node_modules\express\lib\router\index.js:346:12)
    at next (C:\Users\shrav\OneDrive\Desktop\HIS Quasar\HIS_Quasar\hospital-his-backend\node_modules\express\lib\router\index.js:280:10)
    at C:\Users\shrav\OneDrive\Desktop\HIS Quasar\HIS_Quasar\hospital-his-backend\middleware\auth.middleware.js:46:9
    at process.processTicksAndRejections (node:internal/process/task_queues:103:5)
2026-01-20 16:40:14 [ERROR]: Cast to ObjectId failed for value "wards" (type string) at path "_id" for model "Bed"
CastError: Cast to ObjectId failed for value "wards" (type string) at path "_id" for model "Bed"
    at ObjectId.cast (C:\Users\shrav\OneDrive\Desktop\HIS Quasar\HIS_Quasar\hospital-his-backend\node_modules\mongoose\lib\schema\objectid.js:250:11)
    at SchemaType.applySetters (C:\Users\shrav\OneDrive\Desktop\HIS Quasar\HIS_Quasar\hospital-his-backend\node_modules\mongoose\lib\schematype.js:1219:12)
    at SchemaType.castForQuery (C:\Users\shrav\OneDrive\Desktop\HIS Quasar\HIS_Quasar\hospital-his-backend\node_modules\mongoose\lib\schematype.js:1633:15)
    at cast (C:\Users\shrav\OneDrive\Desktop\HIS Quasar\HIS_Quasar\hospital-his-backend\node_modules\mongoose\lib\cast.js:389:32)
    at Query.cast (C:\Users\shrav\OneDrive\Desktop\HIS Quasar\HIS_Quasar\hospital-his-backend\node_modules\mongoose\lib\query.js:4927:12)
    at Query._castConditions (C:\Users\shrav\OneDrive\Desktop\HIS Quasar\HIS_Quasar\hospital-his-backend\node_modules\mongoose\lib\query.js:2237:10)
    at model.Query._findOne (C:\Users\shrav\OneDrive\Desktop\HIS Quasar\HIS_Quasar\hospital-his-backend\node_modules\mongoose\lib\query.js:2533:8)
    at model.Query.exec (C:\Users\shrav\OneDrive\Desktop\HIS Quasar\HIS_Quasar\hospital-his-backend\node_modules\mongoose\lib\query.js:4447:28)
    at process.processTicksAndRejections (node:internal/process/task_queues:103:5)
    at async C:\Users\shrav\OneDrive\Desktop\HIS Quasar\HIS_Quasar\hospital-his-backend\controllers\bed.controller.js:36:17
2026-01-20 16:40:14 [ERROR]: Cast to ObjectId failed for value "wards" (type string) at path "_id" for model "Bed"
CastError: Cast to ObjectId failed for value "wards" (type string) at path "_id" for model "Bed"
    at ObjectId.cast (C:\Users\shrav\OneDrive\Desktop\HIS Quasar\HIS_Quasar\hospital-his-backend\node_modules\mongoose\lib\schema\objectid.js:250:11)
    at SchemaType.applySetters (C:\Users\shrav\OneDrive\Desktop\HIS Quasar\HIS_Quasar\hospital-his-backend\node_modules\mongoose\lib\schematype.js:1219:12)
    at SchemaType.castForQuery (C:\Users\shrav\OneDrive\Desktop\HIS Quasar\HIS_Quasar\hospital-his-backend\node_modules\mongoose\lib\schematype.js:1633:15)
    at cast (C:\Users\shrav\OneDrive\Desktop\HIS Quasar\HIS_Quasar\hospital-his-backend\node_modules\mongoose\lib\cast.js:389:32)
    at Query.cast (C:\Users\shrav\OneDrive\Desktop\HIS Quasar\HIS_Quasar\hospital-his-backend\node_modules\mongoose\lib\query.js:4927:12)
    at Query._castConditions (C:\Users\shrav\OneDrive\Desktop\HIS Quasar\HIS_Quasar\hospital-his-backend\node_modules\mongoose\lib\query.js:2237:10)
    at model.Query._findOne (C:\Users\shrav\OneDrive\Desktop\HIS Quasar\HIS_Quasar\hospital-his-backend\node_modules\mongoose\lib\query.js:2533:8)
    at model.Query.exec (C:\Users\shrav\OneDrive\Desktop\HIS Quasar\HIS_Quasar\hospital-his-backend\node_modules\mongoose\lib\query.js:4447:28)
    at process.processTicksAndRejections (node:internal/process/task_queues:103:5)
    at async C:\Users\shrav\OneDrive\Desktop\HIS Quasar\HIS_Quasar\hospital-his-backend\controllers\bed.controller.js:36:17
2026-01-20 16:40:14 [ERROR]: User role 'doctor' is not authorized to access this route
Error: User role 'doctor' is not authorized to access this route
    at C:\Users\shrav\OneDrive\Desktop\HIS Quasar\HIS_Quasar\hospital-his-backend\middleware\rbac.middleware.js:21:17
    at Layer.handle [as handle_request] (C:\Users\shrav\OneDrive\Desktop\HIS Quasar\HIS_Quasar\hospital-his-backend\node_modules\express\lib\router\layer.js:95:5)
    at next (C:\Users\shrav\OneDrive\Desktop\HIS Quasar\HIS_Quasar\hospital-his-backend\node_modules\express\lib\router\route.js:149:13)
    at Route.dispatch (C:\Users\shrav\OneDrive\Desktop\HIS Quasar\HIS_Quasar\hospital-his-backend\node_modules\express\lib\router\route.js:119:3)
    at Layer.handle [as handle_request] (C:\Users\shrav\OneDrive\Desktop\HIS Quasar\HIS_Quasar\hospital-his-backend\node_modules\express\lib\router\layer.js:95:5)
    at C:\Users\shrav\OneDrive\Desktop\HIS Quasar\HIS_Quasar\hospital-his-backend\node_modules\express\lib\router\index.js:284:15
    at router.process_params (C:\Users\shrav\OneDrive\Desktop\HIS Quasar\HIS_Quasar\hospital-his-backend\node_modules\express\lib\router\index.js:346:12)
    at next (C:\Users\shrav\OneDrive\Desktop\HIS Quasar\HIS_Quasar\hospital-his-backend\node_modules\express\lib\router\index.js:280:10)
    at C:\Users\shrav\OneDrive\Desktop\HIS Quasar\HIS_Quasar\hospital-his-backend\middleware\auth.middleware.js:46:9
    at process.processTicksAndRejections (node:internal/process/task_queues:103:5)
2026-01-20 16:40:14 [ERROR]: Cast to ObjectId failed for value "occupancy" (type string) at path "_id" for model "Bed"
CastError: Cast to ObjectId failed for value "occupancy" (type string) at path "_id" for model "Bed"
    at ObjectId.cast (C:\Users\shrav\OneDrive\Desktop\HIS Quasar\HIS_Quasar\hospital-his-backend\node_modules\mongoose\lib\schema\objectid.js:250:11)
    at SchemaType.applySetters (C:\Users\shrav\OneDrive\Desktop\HIS Quasar\HIS_Quasar\hospital-his-backend\node_modules\mongoose\lib\schematype.js:1219:12)
    at SchemaType.castForQuery (C:\Users\shrav\OneDrive\Desktop\HIS Quasar\HIS_Quasar\hospital-his-backend\node_modules\mongoose\lib\schematype.js:1633:15)
    at cast (C:\Users\shrav\OneDrive\Desktop\HIS Quasar\HIS_Quasar\hospital-his-backend\node_modules\mongoose\lib\cast.js:389:32)
    at Query.cast (C:\Users\shrav\OneDrive\Desktop\HIS Quasar\HIS_Quasar\hospital-his-backend\node_modules\mongoose\lib\query.js:4927:12)
    at Query._castConditions (C:\Users\shrav\OneDrive\Desktop\HIS Quasar\HIS_Quasar\hospital-his-backend\node_modules\mongoose\lib\query.js:2237:10)
    at model.Query._findOne (C:\Users\shrav\OneDrive\Desktop\HIS Quasar\HIS_Quasar\hospital-his-backend\node_modules\mongoose\lib\query.js:2533:8)
    at model.Query.exec (C:\Users\shrav\OneDrive\Desktop\HIS Quasar\HIS_Quasar\hospital-his-backend\node_modules\mongoose\lib\query.js:4447:28)
    at process.processTicksAndRejections (node:internal/process/task_queues:103:5)
    at async C:\Users\shrav\OneDrive\Desktop\HIS Quasar\HIS_Quasar\hospital-his-backend\controllers\bed.controller.js:36:17
2026-01-20 16:47:35 [ERROR]: User role 'doctor' is not authorized to access this route
Error: User role 'doctor' is not authorized to access this route
    at C:\Users\shrav\OneDrive\Desktop\HIS Quasar\HIS_Quasar\hospital-his-backend\middleware\rbac.middleware.js:21:17
    at Layer.handle [as handle_request] (C:\Users\shrav\OneDrive\Desktop\HIS Quasar\HIS_Quasar\hospital-his-backend\node_modules\express\lib\router\layer.js:95:5)
    at next (C:\Users\shrav\OneDrive\Desktop\HIS Quasar\HIS_Quasar\hospital-his-backend\node_modules\express\lib\router\route.js:149:13)
    at Route.dispatch (C:\Users\shrav\OneDrive\Desktop\HIS Quasar\HIS_Quasar\hospital-his-backend\node_modules\express\lib\router\route.js:119:3)
    at Layer.handle [as handle_request] (C:\Users\shrav\OneDrive\Desktop\HIS Quasar\HIS_Quasar\hospital-his-backend\node_modules\express\lib\router\layer.js:95:5)
    at C:\Users\shrav\OneDrive\Desktop\HIS Quasar\HIS_Quasar\hospital-his-backend\node_modules\express\lib\router\index.js:284:15
    at router.process_params (C:\Users\shrav\OneDrive\Desktop\HIS Quasar\HIS_Quasar\hospital-his-backend\node_modules\express\lib\router\index.js:346:12)
    at next (C:\Users\shrav\OneDrive\Desktop\HIS Quasar\HIS_Quasar\hospital-his-backend\node_modules\express\lib\router\index.js:280:10)
    at C:\Users\shrav\OneDrive\Desktop\HIS Quasar\HIS_Quasar\hospital-his-backend\middleware\auth.middleware.js:46:9
    at process.processTicksAndRejections (node:internal/process/task_queues:103:5)
2026-01-20 16:47:35 [ERROR]: User role 'doctor' is not authorized to access this route
Error: User role 'doctor' is not authorized to access this route
    at C:\Users\shrav\OneDrive\Desktop\HIS Quasar\HIS_Quasar\hospital-his-backend\middleware\rbac.middleware.js:21:17
    at Layer.handle [as handle_request] (C:\Users\shrav\OneDrive\Desktop\HIS Quasar\HIS_Quasar\hospital-his-backend\node_modules\express\lib\router\layer.js:95:5)
    at next (C:\Users\shrav\OneDrive\Desktop\HIS Quasar\HIS_Quasar\hospital-his-backend\node_modules\express\lib\router\route.js:149:13)
    at Route.dispatch (C:\Users\shrav\OneDrive\Desktop\HIS Quasar\HIS_Quasar\hospital-his-backend\node_modules\express\lib\router\route.js:119:3)
    at Layer.handle [as handle_request] (C:\Users\shrav\OneDrive\Desktop\HIS Quasar\HIS_Quasar\hospital-his-backend\node_modules\express\lib\router\layer.js:95:5)
    at C:\Users\shrav\OneDrive\Desktop\HIS Quasar\HIS_Quasar\hospital-his-backend\node_modules\express\lib\router\index.js:284:15
    at router.process_params (C:\Users\shrav\OneDrive\Desktop\HIS Quasar\HIS_Quasar\hospital-his-backend\node_modules\express\lib\router\index.js:346:12)
    at next (C:\Users\shrav\OneDrive\Desktop\HIS Quasar\HIS_Quasar\hospital-his-backend\node_modules\express\lib\router\index.js:280:10)
    at C:\Users\shrav\OneDrive\Desktop\HIS Quasar\HIS_Quasar\hospital-his-backend\middleware\auth.middleware.js:46:9
    at process.processTicksAndRejections (node:internal/process/task_queues:103:5)
2026-01-20 16:47:35 [ERROR]: User role 'doctor' is not authorized to access this route
Error: User role 'doctor' is not authorized to access this route
    at C:\Users\shrav\OneDrive\Desktop\HIS Quasar\HIS_Quasar\hospital-his-backend\middleware\rbac.middleware.js:21:17
    at Layer.handle [as handle_request] (C:\Users\shrav\OneDrive\Desktop\HIS Quasar\HIS_Quasar\hospital-his-backend\node_modules\express\lib\router\layer.js:95:5)
    at next (C:\Users\shrav\OneDrive\Desktop\HIS Quasar\HIS_Quasar\hospital-his-backend\node_modules\express\lib\router\route.js:149:13)
    at Route.dispatch (C:\Users\shrav\OneDrive\Desktop\HIS Quasar\HIS_Quasar\hospital-his-backend\node_modules\express\lib\router\route.js:119:3)
    at Layer.handle [as handle_request] (C:\Users\shrav\OneDrive\Desktop\HIS Quasar\HIS_Quasar\hospital-his-backend\node_modules\express\lib\router\layer.js:95:5)
    at C:\Users\shrav\OneDrive\Desktop\HIS Quasar\HIS_Quasar\hospital-his-backend\node_modules\express\lib\router\index.js:284:15
    at router.process_params (C:\Users\shrav\OneDrive\Desktop\HIS Quasar\HIS_Quasar\hospital-his-backend\node_modules\express\lib\router\index.js:346:12)
    at next (C:\Users\shrav\OneDrive\Desktop\HIS Quasar\HIS_Quasar\hospital-his-backend\node_modules\express\lib\router\index.js:280:10)
    at C:\Users\shrav\OneDrive\Desktop\HIS Quasar\HIS_Quasar\hospital-his-backend\middleware\auth.middleware.js:46:9
    at process.processTicksAndRejections (node:internal/process/task_queues:103:5)
2026-01-20 16:47:35 [ERROR]: User role 'doctor' is not authorized to access this route
Error: User role 'doctor' is not authorized to access this route
    at C:\Users\shrav\OneDrive\Desktop\HIS Quasar\HIS_Quasar\hospital-his-backend\middleware\rbac.middleware.js:21:17
    at Layer.handle [as handle_request] (C:\Users\shrav\OneDrive\Desktop\HIS Quasar\HIS_Quasar\hospital-his-backend\node_modules\express\lib\router\layer.js:95:5)
    at next (C:\Users\shrav\OneDrive\Desktop\HIS Quasar\HIS_Quasar\hospital-his-backend\node_modules\express\lib\router\route.js:149:13)
    at Route.dispatch (C:\Users\shrav\OneDrive\Desktop\HIS Quasar\HIS_Quasar\hospital-his-backend\node_modules\express\lib\router\route.js:119:3)
    at Layer.handle [as handle_request] (C:\Users\shrav\OneDrive\Desktop\HIS Quasar\HIS_Quasar\hospital-his-backend\node_modules\express\lib\router\layer.js:95:5)
    at C:\Users\shrav\OneDrive\Desktop\HIS Quasar\HIS_Quasar\hospital-his-backend\node_modules\express\lib\router\index.js:284:15
    at router.process_params (C:\Users\shrav\OneDrive\Desktop\HIS Quasar\HIS_Quasar\hospital-his-backend\node_modules\express\lib\router\index.js:346:12)
    at next (C:\Users\shrav\OneDrive\Desktop\HIS Quasar\HIS_Quasar\hospital-his-backend\node_modules\express\lib\router\index.js:280:10)
    at C:\Users\shrav\OneDrive\Desktop\HIS Quasar\HIS_Quasar\hospital-his-backend\middleware\auth.middleware.js:46:9
    at process.processTicksAndRejections (node:internal/process/task_queues:103:5)
2026-01-20 16:47:37 [ERROR]: User role 'doctor' is not authorized to access this route
Error: User role 'doctor' is not authorized to access this route
    at C:\Users\shrav\OneDrive\Desktop\HIS Quasar\HIS_Quasar\hospital-his-backend\middleware\rbac.middleware.js:21:17
    at Layer.handle [as handle_request] (C:\Users\shrav\OneDrive\Desktop\HIS Quasar\HIS_Quasar\hospital-his-backend\node_modules\express\lib\router\layer.js:95:5)
    at next (C:\Users\shrav\OneDrive\Desktop\HIS Quasar\HIS_Quasar\hospital-his-backend\node_modules\express\lib\router\route.js:149:13)
    at Route.dispatch (C:\Users\shrav\OneDrive\Desktop\HIS Quasar\HIS_Quasar\hospital-his-backend\node_modules\express\lib\router\route.js:119:3)
    at Layer.handle [as handle_request] (C:\Users\shrav\OneDrive\Desktop\HIS Quasar\HIS_Quasar\hospital-his-backend\node_modules\express\lib\router\layer.js:95:5)
    at C:\Users\shrav\OneDrive\Desktop\HIS Quasar\HIS_Quasar\hospital-his-backend\node_modules\express\lib\router\index.js:284:15
    at router.process_params (C:\Users\shrav\OneDrive\Desktop\HIS Quasar\HIS_Quasar\hospital-his-backend\node_modules\express\lib\router\index.js:346:12)
    at next (C:\Users\shrav\OneDrive\Desktop\HIS Quasar\HIS_Quasar\hospital-his-backend\node_modules\express\lib\router\index.js:280:10)
    at C:\Users\shrav\OneDrive\Desktop\HIS Quasar\HIS_Quasar\hospital-his-backend\middleware\auth.middleware.js:46:9
    at process.processTicksAndRejections (node:internal/process/task_queues:103:5)
2026-01-20 16:47:37 [ERROR]: User role 'doctor' is not authorized to access this route
Error: User role 'doctor' is not authorized to access this route
    at C:\Users\shrav\OneDrive\Desktop\HIS Quasar\HIS_Quasar\hospital-his-backend\middleware\rbac.middleware.js:21:17
    at Layer.handle [as handle_request] (C:\Users\shrav\OneDrive\Desktop\HIS Quasar\HIS_Quasar\hospital-his-backend\node_modules\express\lib\router\layer.js:95:5)
    at next (C:\Users\shrav\OneDrive\Desktop\HIS Quasar\HIS_Quasar\hospital-his-backend\node_modules\express\lib\router\route.js:149:13)
    at Route.dispatch (C:\Users\shrav\OneDrive\Desktop\HIS Quasar\HIS_Quasar\hospital-his-backend\node_modules\express\lib\router\route.js:119:3)
    at Layer.handle [as handle_request] (C:\Users\shrav\OneDrive\Desktop\HIS Quasar\HIS_Quasar\hospital-his-backend\node_modules\express\lib\router\layer.js:95:5)
    at C:\Users\shrav\OneDrive\Desktop\HIS Quasar\HIS_Quasar\hospital-his-backend\node_modules\express\lib\router\index.js:284:15
    at router.process_params (C:\Users\shrav\OneDrive\Desktop\HIS Quasar\HIS_Quasar\hospital-his-backend\node_modules\express\lib\router\index.js:346:12)
    at next (C:\Users\shrav\OneDrive\Desktop\HIS Quasar\HIS_Quasar\hospital-his-backend\node_modules\express\lib\router\index.js:280:10)
    at C:\Users\shrav\OneDrive\Desktop\HIS Quasar\HIS_Quasar\hospital-his-backend\middleware\auth.middleware.js:46:9
    at process.processTicksAndRejections (node:internal/process/task_queues:103:5)
2026-01-20 16:47:37 [ERROR]: User role 'doctor' is not authorized to access this route
Error: User role 'doctor' is not authorized to access this route
    at C:\Users\shrav\OneDrive\Desktop\HIS Quasar\HIS_Quasar\hospital-his-backend\middleware\rbac.middleware.js:21:17
    at Layer.handle [as handle_request] (C:\Users\shrav\OneDrive\Desktop\HIS Quasar\HIS_Quasar\hospital-his-backend\node_modules\express\lib\router\layer.js:95:5)
    at next (C:\Users\shrav\OneDrive\Desktop\HIS Quasar\HIS_Quasar\hospital-his-backend\node_modules\express\lib\router\route.js:149:13)
    at Route.dispatch (C:\Users\shrav\OneDrive\Desktop\HIS Quasar\HIS_Quasar\hospital-his-backend\node_modules\express\lib\router\route.js:119:3)
    at Layer.handle [as handle_request] (C:\Users\shrav\OneDrive\Desktop\HIS Quasar\HIS_Quasar\hospital-his-backend\node_modules\express\lib\router\layer.js:95:5)
    at C:\Users\shrav\OneDrive\Desktop\HIS Quasar\HIS_Quasar\hospital-his-backend\node_modules\express\lib\router\index.js:284:15
    at router.process_params (C:\Users\shrav\OneDrive\Desktop\HIS Quasar\HIS_Quasar\hospital-his-backend\node_modules\express\lib\router\index.js:346:12)
    at next (C:\Users\shrav\OneDrive\Desktop\HIS Quasar\HIS_Quasar\hospital-his-backend\node_modules\express\lib\router\index.js:280:10)
    at C:\Users\shrav\OneDrive\Desktop\HIS Quasar\HIS_Quasar\hospital-his-backend\middleware\auth.middleware.js:46:9
    at process.processTicksAndRejections (node:internal/process/task_queues:103:5)
2026-01-20 16:47:37 [ERROR]: User role 'doctor' is not authorized to access this route
Error: User role 'doctor' is not authorized to access this route
    at C:\Users\shrav\OneDrive\Desktop\HIS Quasar\HIS_Quasar\hospital-his-backend\middleware\rbac.middleware.js:21:17
    at Layer.handle [as handle_request] (C:\Users\shrav\OneDrive\Desktop\HIS Quasar\HIS_Quasar\hospital-his-backend\node_modules\express\lib\router\layer.js:95:5)
    at next (C:\Users\shrav\OneDrive\Desktop\HIS Quasar\HIS_Quasar\hospital-his-backend\node_modules\express\lib\router\route.js:149:13)
    at Route.dispatch (C:\Users\shrav\OneDrive\Desktop\HIS Quasar\HIS_Quasar\hospital-his-backend\node_modules\express\lib\router\route.js:119:3)
    at Layer.handle [as handle_request] (C:\Users\shrav\OneDrive\Desktop\HIS Quasar\HIS_Quasar\hospital-his-backend\node_modules\express\lib\router\layer.js:95:5)
    at C:\Users\shrav\OneDrive\Desktop\HIS Quasar\HIS_Quasar\hospital-his-backend\node_modules\express\lib\router\index.js:284:15
    at router.process_params (C:\Users\shrav\OneDrive\Desktop\HIS Quasar\HIS_Quasar\hospital-his-backend\node_modules\express\lib\router\index.js:346:12)
    at next (C:\Users\shrav\OneDrive\Desktop\HIS Quasar\HIS_Quasar\hospital-his-backend\node_modules\express\lib\router\index.js:280:10)
    at C:\Users\shrav\OneDrive\Desktop\HIS Quasar\HIS_Quasar\hospital-his-backend\middleware\auth.middleware.js:46:9
    at process.processTicksAndRejections (node:internal/process/task_queues:103:5)
2026-01-20 16:49:38 [ERROR]: Cast to ObjectId failed for value "occupancy" (type string) at path "_id" for model "Bed"
CastError: Cast to ObjectId failed for value "occupancy" (type string) at path "_id" for model "Bed"
    at ObjectId.cast (C:\Users\shrav\OneDrive\Desktop\HIS Quasar\HIS_Quasar\hospital-his-backend\node_modules\mongoose\lib\schema\objectid.js:250:11)
    at SchemaType.applySetters (C:\Users\shrav\OneDrive\Desktop\HIS Quasar\HIS_Quasar\hospital-his-backend\node_modules\mongoose\lib\schematype.js:1219:12)
    at SchemaType.castForQuery (C:\Users\shrav\OneDrive\Desktop\HIS Quasar\HIS_Quasar\hospital-his-backend\node_modules\mongoose\lib\schematype.js:1633:15)
    at cast (C:\Users\shrav\OneDrive\Desktop\HIS Quasar\HIS_Quasar\hospital-his-backend\node_modules\mongoose\lib\cast.js:389:32)
    at Query.cast (C:\Users\shrav\OneDrive\Desktop\HIS Quasar\HIS_Quasar\hospital-his-backend\node_modules\mongoose\lib\query.js:4927:12)
    at Query._castConditions (C:\Users\shrav\OneDrive\Desktop\HIS Quasar\HIS_Quasar\hospital-his-backend\node_modules\mongoose\lib\query.js:2237:10)
    at model.Query._findOne (C:\Users\shrav\OneDrive\Desktop\HIS Quasar\HIS_Quasar\hospital-his-backend\node_modules\mongoose\lib\query.js:2533:8)
    at model.Query.exec (C:\Users\shrav\OneDrive\Desktop\HIS Quasar\HIS_Quasar\hospital-his-backend\node_modules\mongoose\lib\query.js:4447:28)
    at process.processTicksAndRejections (node:internal/process/task_queues:103:5)
    at async C:\Users\shrav\OneDrive\Desktop\HIS Quasar\HIS_Quasar\hospital-his-backend\controllers\bed.controller.js:36:17
2026-01-20 16:49:38 [ERROR]: User role 'doctor' is not authorized to access this route
Error: User role 'doctor' is not authorized to access this route
    at C:\Users\shrav\OneDrive\Desktop\HIS Quasar\HIS_Quasar\hospital-his-backend\middleware\rbac.middleware.js:21:17
    at Layer.handle [as handle_request] (C:\Users\shrav\OneDrive\Desktop\HIS Quasar\HIS_Quasar\hospital-his-backend\node_modules\express\lib\router\layer.js:95:5)
    at next (C:\Users\shrav\OneDrive\Desktop\HIS Quasar\HIS_Quasar\hospital-his-backend\node_modules\express\lib\router\route.js:149:13)
    at Route.dispatch (C:\Users\shrav\OneDrive\Desktop\HIS Quasar\HIS_Quasar\hospital-his-backend\node_modules\express\lib\router\route.js:119:3)
    at Layer.handle [as handle_request] (C:\Users\shrav\OneDrive\Desktop\HIS Quasar\HIS_Quasar\hospital-his-backend\node_modules\express\lib\router\layer.js:95:5)
    at C:\Users\shrav\OneDrive\Desktop\HIS Quasar\HIS_Quasar\hospital-his-backend\node_modules\express\lib\router\index.js:284:15
    at router.process_params (C:\Users\shrav\OneDrive\Desktop\HIS Quasar\HIS_Quasar\hospital-his-backend\node_modules\express\lib\router\index.js:346:12)
    at next (C:\Users\shrav\OneDrive\Desktop\HIS Quasar\HIS_Quasar\hospital-his-backend\node_modules\express\lib\router\index.js:280:10)
    at C:\Users\shrav\OneDrive\Desktop\HIS Quasar\HIS_Quasar\hospital-his-backend\middleware\auth.middleware.js:46:9
    at process.processTicksAndRejections (node:internal/process/task_queues:103:5)
2026-01-20 16:49:38 [ERROR]: Cast to ObjectId failed for value "wards" (type string) at path "_id" for model "Bed"
CastError: Cast to ObjectId failed for value "wards" (type string) at path "_id" for model "Bed"
    at ObjectId.cast (C:\Users\shrav\OneDrive\Desktop\HIS Quasar\HIS_Quasar\hospital-his-backend\node_modules\mongoose\lib\schema\objectid.js:250:11)
    at SchemaType.applySetters (C:\Users\shrav\OneDrive\Desktop\HIS Quasar\HIS_Quasar\hospital-his-backend\node_modules\mongoose\lib\schematype.js:1219:12)
    at SchemaType.castForQuery (C:\Users\shrav\OneDrive\Desktop\HIS Quasar\HIS_Quasar\hospital-his-backend\node_modules\mongoose\lib\schematype.js:1633:15)
    at cast (C:\Users\shrav\OneDrive\Desktop\HIS Quasar\HIS_Quasar\hospital-his-backend\node_modules\mongoose\lib\cast.js:389:32)
    at Query.cast (C:\Users\shrav\OneDrive\Desktop\HIS Quasar\HIS_Quasar\hospital-his-backend\node_modules\mongoose\lib\query.js:4927:12)
    at Query._castConditions (C:\Users\shrav\OneDrive\Desktop\HIS Quasar\HIS_Quasar\hospital-his-backend\node_modules\mongoose\lib\query.js:2237:10)
    at model.Query._findOne (C:\Users\shrav\OneDrive\Desktop\HIS Quasar\HIS_Quasar\hospital-his-backend\node_modules\mongoose\lib\query.js:2533:8)
    at model.Query.exec (C:\Users\shrav\OneDrive\Desktop\HIS Quasar\HIS_Quasar\hospital-his-backend\node_modules\mongoose\lib\query.js:4447:28)
    at process.processTicksAndRejections (node:internal/process/task_queues:103:5)
    at async C:\Users\shrav\OneDrive\Desktop\HIS Quasar\HIS_Quasar\hospital-his-backend\controllers\bed.controller.js:36:17
2026-01-20 16:49:38 [ERROR]: User role 'doctor' is not authorized to access this route
Error: User role 'doctor' is not authorized to access this route
    at C:\Users\shrav\OneDrive\Desktop\HIS Quasar\HIS_Quasar\hospital-his-backend\middleware\rbac.middleware.js:21:17
    at Layer.handle [as handle_request] (C:\Users\shrav\OneDrive\Desktop\HIS Quasar\HIS_Quasar\hospital-his-backend\node_modules\express\lib\router\layer.js:95:5)
    at next (C:\Users\shrav\OneDrive\Desktop\HIS Quasar\HIS_Quasar\hospital-his-backend\node_modules\express\lib\router\route.js:149:13)
    at Route.dispatch (C:\Users\shrav\OneDrive\Desktop\HIS Quasar\HIS_Quasar\hospital-his-backend\node_modules\express\lib\router\route.js:119:3)
    at Layer.handle [as handle_request] (C:\Users\shrav\OneDrive\Desktop\HIS Quasar\HIS_Quasar\hospital-his-backend\node_modules\express\lib\router\layer.js:95:5)
    at C:\Users\shrav\OneDrive\Desktop\HIS Quasar\HIS_Quasar\hospital-his-backend\node_modules\express\lib\router\index.js:284:15
    at router.process_params (C:\Users\shrav\OneDrive\Desktop\HIS Quasar\HIS_Quasar\hospital-his-backend\node_modules\express\lib\router\index.js:346:12)
    at next (C:\Users\shrav\OneDrive\Desktop\HIS Quasar\HIS_Quasar\hospital-his-backend\node_modules\express\lib\router\index.js:280:10)
    at C:\Users\shrav\OneDrive\Desktop\HIS Quasar\HIS_Quasar\hospital-his-backend\middleware\auth.middleware.js:46:9
    at process.processTicksAndRejections (node:internal/process/task_queues:103:5)
2026-01-20 16:49:38 [ERROR]: Cast to ObjectId failed for value "occupancy" (type string) at path "_id" for model "Bed"
CastError: Cast to ObjectId failed for value "occupancy" (type string) at path "_id" for model "Bed"
    at ObjectId.cast (C:\Users\shrav\OneDrive\Desktop\HIS Quasar\HIS_Quasar\hospital-his-backend\node_modules\mongoose\lib\schema\objectid.js:250:11)
    at SchemaType.applySetters (C:\Users\shrav\OneDrive\Desktop\HIS Quasar\HIS_Quasar\hospital-his-backend\node_modules\mongoose\lib\schematype.js:1219:12)
    at SchemaType.castForQuery (C:\Users\shrav\OneDrive\Desktop\HIS Quasar\HIS_Quasar\hospital-his-backend\node_modules\mongoose\lib\schematype.js:1633:15)
    at cast (C:\Users\shrav\OneDrive\Desktop\HIS Quasar\HIS_Quasar\hospital-his-backend\node_modules\mongoose\lib\cast.js:389:32)
    at Query.cast (C:\Users\shrav\OneDrive\Desktop\HIS Quasar\HIS_Quasar\hospital-his-backend\node_modules\mongoose\lib\query.js:4927:12)
    at Query._castConditions (C:\Users\shrav\OneDrive\Desktop\HIS Quasar\HIS_Quasar\hospital-his-backend\node_modules\mongoose\lib\query.js:2237:10)
    at model.Query._findOne (C:\Users\shrav\OneDrive\Desktop\HIS Quasar\HIS_Quasar\hospital-his-backend\node_modules\mongoose\lib\query.js:2533:8)
    at model.Query.exec (C:\Users\shrav\OneDrive\Desktop\HIS Quasar\HIS_Quasar\hospital-his-backend\node_modules\mongoose\lib\query.js:4447:28)
    at process.processTicksAndRejections (node:internal/process/task_queues:103:5)
    at async C:\Users\shrav\OneDrive\Desktop\HIS Quasar\HIS_Quasar\hospital-his-backend\controllers\bed.controller.js:36:17
2026-01-20 16:49:38 [ERROR]: Cast to ObjectId failed for value "wards" (type string) at path "_id" for model "Bed"
CastError: Cast to ObjectId failed for value "wards" (type string) at path "_id" for model "Bed"
    at ObjectId.cast (C:\Users\shrav\OneDrive\Desktop\HIS Quasar\HIS_Quasar\hospital-his-backend\node_modules\mongoose\lib\schema\objectid.js:250:11)
    at SchemaType.applySetters (C:\Users\shrav\OneDrive\Desktop\HIS Quasar\HIS_Quasar\hospital-his-backend\node_modules\mongoose\lib\schematype.js:1219:12)
    at SchemaType.castForQuery (C:\Users\shrav\OneDrive\Desktop\HIS Quasar\HIS_Quasar\hospital-his-backend\node_modules\mongoose\lib\schematype.js:1633:15)
    at cast (C:\Users\shrav\OneDrive\Desktop\HIS Quasar\HIS_Quasar\hospital-his-backend\node_modules\mongoose\lib\cast.js:389:32)
    at Query.cast (C:\Users\shrav\OneDrive\Desktop\HIS Quasar\HIS_Quasar\hospital-his-backend\node_modules\mongoose\lib\query.js:4927:12)
    at Query._castConditions (C:\Users\shrav\OneDrive\Desktop\HIS Quasar\HIS_Quasar\hospital-his-backend\node_modules\mongoose\lib\query.js:2237:10)
    at model.Query._findOne (C:\Users\shrav\OneDrive\Desktop\HIS Quasar\HIS_Quasar\hospital-his-backend\node_modules\mongoose\lib\query.js:2533:8)
    at model.Query.exec (C:\Users\shrav\OneDrive\Desktop\HIS Quasar\HIS_Quasar\hospital-his-backend\node_modules\mongoose\lib\query.js:4447:28)
    at process.processTicksAndRejections (node:internal/process/task_queues:103:5)
    at async C:\Users\shrav\OneDrive\Desktop\HIS Quasar\HIS_Quasar\hospital-his-backend\controllers\bed.controller.js:36:17
2026-01-20 16:54:14 [ERROR]: User role 'doctor' is not authorized to access this route
Error: User role 'doctor' is not authorized to access this route
    at C:\Users\shrav\OneDrive\Desktop\HIS Quasar\HIS_Quasar\hospital-his-backend\middleware\rbac.middleware.js:21:17
    at Layer.handle [as handle_request] (C:\Users\shrav\OneDrive\Desktop\HIS Quasar\HIS_Quasar\hospital-his-backend\node_modules\express\lib\router\layer.js:95:5)
    at next (C:\Users\shrav\OneDrive\Desktop\HIS Quasar\HIS_Quasar\hospital-his-backend\node_modules\express\lib\router\route.js:149:13)
    at Route.dispatch (C:\Users\shrav\OneDrive\Desktop\HIS Quasar\HIS_Quasar\hospital-his-backend\node_modules\express\lib\router\route.js:119:3)
    at Layer.handle [as handle_request] (C:\Users\shrav\OneDrive\Desktop\HIS Quasar\HIS_Quasar\hospital-his-backend\node_modules\express\lib\router\layer.js:95:5)
    at C:\Users\shrav\OneDrive\Desktop\HIS Quasar\HIS_Quasar\hospital-his-backend\node_modules\express\lib\router\index.js:284:15
    at router.process_params (C:\Users\shrav\OneDrive\Desktop\HIS Quasar\HIS_Quasar\hospital-his-backend\node_modules\express\lib\router\index.js:346:12)
    at next (C:\Users\shrav\OneDrive\Desktop\HIS Quasar\HIS_Quasar\hospital-his-backend\node_modules\express\lib\router\index.js:280:10)
    at C:\Users\shrav\OneDrive\Desktop\HIS Quasar\HIS_Quasar\hospital-his-backend\middleware\auth.middleware.js:46:9
    at process.processTicksAndRejections (node:internal/process/task_queues:103:5)
2026-01-20 16:54:14 [ERROR]: Cast to ObjectId failed for value "wards" (type string) at path "_id" for model "Bed"
CastError: Cast to ObjectId failed for value "wards" (type string) at path "_id" for model "Bed"
    at ObjectId.cast (C:\Users\shrav\OneDrive\Desktop\HIS Quasar\HIS_Quasar\hospital-his-backend\node_modules\mongoose\lib\schema\objectid.js:250:11)
    at SchemaType.applySetters (C:\Users\shrav\OneDrive\Desktop\HIS Quasar\HIS_Quasar\hospital-his-backend\node_modules\mongoose\lib\schematype.js:1219:12)
    at SchemaType.castForQuery (C:\Users\shrav\OneDrive\Desktop\HIS Quasar\HIS_Quasar\hospital-his-backend\node_modules\mongoose\lib\schematype.js:1633:15)
    at cast (C:\Users\shrav\OneDrive\Desktop\HIS Quasar\HIS_Quasar\hospital-his-backend\node_modules\mongoose\lib\cast.js:389:32)
    at Query.cast (C:\Users\shrav\OneDrive\Desktop\HIS Quasar\HIS_Quasar\hospital-his-backend\node_modules\mongoose\lib\query.js:4927:12)
    at Query._castConditions (C:\Users\shrav\OneDrive\Desktop\HIS Quasar\HIS_Quasar\hospital-his-backend\node_modules\mongoose\lib\query.js:2237:10)
    at model.Query._findOne (C:\Users\shrav\OneDrive\Desktop\HIS Quasar\HIS_Quasar\hospital-his-backend\node_modules\mongoose\lib\query.js:2533:8)
    at model.Query.exec (C:\Users\shrav\OneDrive\Desktop\HIS Quasar\HIS_Quasar\hospital-his-backend\node_modules\mongoose\lib\query.js:4447:28)
    at process.processTicksAndRejections (node:internal/process/task_queues:103:5)
    at async C:\Users\shrav\OneDrive\Desktop\HIS Quasar\HIS_Quasar\hospital-his-backend\controllers\bed.controller.js:36:17
2026-01-20 16:54:14 [ERROR]: Cast to ObjectId failed for value "occupancy" (type string) at path "_id" for model "Bed"
CastError: Cast to ObjectId failed for value "occupancy" (type string) at path "_id" for model "Bed"
    at ObjectId.cast (C:\Users\shrav\OneDrive\Desktop\HIS Quasar\HIS_Quasar\hospital-his-backend\node_modules\mongoose\lib\schema\objectid.js:250:11)
    at SchemaType.applySetters (C:\Users\shrav\OneDrive\Desktop\HIS Quasar\HIS_Quasar\hospital-his-backend\node_modules\mongoose\lib\schematype.js:1219:12)
    at SchemaType.castForQuery (C:\Users\shrav\OneDrive\Desktop\HIS Quasar\HIS_Quasar\hospital-his-backend\node_modules\mongoose\lib\schematype.js:1633:15)
    at cast (C:\Users\shrav\OneDrive\Desktop\HIS Quasar\HIS_Quasar\hospital-his-backend\node_modules\mongoose\lib\cast.js:389:32)
    at Query.cast (C:\Users\shrav\OneDrive\Desktop\HIS Quasar\HIS_Quasar\hospital-his-backend\node_modules\mongoose\lib\query.js:4927:12)
    at Query._castConditions (C:\Users\shrav\OneDrive\Desktop\HIS Quasar\HIS_Quasar\hospital-his-backend\node_modules\mongoose\lib\query.js:2237:10)
    at model.Query._findOne (C:\Users\shrav\OneDrive\Desktop\HIS Quasar\HIS_Quasar\hospital-his-backend\node_modules\mongoose\lib\query.js:2533:8)
    at model.Query.exec (C:\Users\shrav\OneDrive\Desktop\HIS Quasar\HIS_Quasar\hospital-his-backend\node_modules\mongoose\lib\query.js:4447:28)
    at process.processTicksAndRejections (node:internal/process/task_queues:103:5)
    at async C:\Users\shrav\OneDrive\Desktop\HIS Quasar\HIS_Quasar\hospital-his-backend\controllers\bed.controller.js:36:17
2026-01-20 16:54:14 [ERROR]: User role 'doctor' is not authorized to access this route
Error: User role 'doctor' is not authorized to access this route
    at C:\Users\shrav\OneDrive\Desktop\HIS Quasar\HIS_Quasar\hospital-his-backend\middleware\rbac.middleware.js:21:17
    at Layer.handle [as handle_request] (C:\Users\shrav\OneDrive\Desktop\HIS Quasar\HIS_Quasar\hospital-his-backend\node_modules\express\lib\router\layer.js:95:5)
    at next (C:\Users\shrav\OneDrive\Desktop\HIS Quasar\HIS_Quasar\hospital-his-backend\node_modules\express\lib\router\route.js:149:13)
    at Route.dispatch (C:\Users\shrav\OneDrive\Desktop\HIS Quasar\HIS_Quasar\hospital-his-backend\node_modules\express\lib\router\route.js:119:3)
    at Layer.handle [as handle_request] (C:\Users\shrav\OneDrive\Desktop\HIS Quasar\HIS_Quasar\hospital-his-backend\node_modules\express\lib\router\layer.js:95:5)
    at C:\Users\shrav\OneDrive\Desktop\HIS Quasar\HIS_Quasar\hospital-his-backend\node_modules\express\lib\router\index.js:284:15
    at router.process_params (C:\Users\shrav\OneDrive\Desktop\HIS Quasar\HIS_Quasar\hospital-his-backend\node_modules\express\lib\router\index.js:346:12)
    at next (C:\Users\shrav\OneDrive\Desktop\HIS Quasar\HIS_Quasar\hospital-his-backend\node_modules\express\lib\router\index.js:280:10)
    at C:\Users\shrav\OneDrive\Desktop\HIS Quasar\HIS_Quasar\hospital-his-backend\middleware\auth.middleware.js:46:9
    at process.processTicksAndRejections (node:internal/process/task_queues:103:5)
2026-01-20 16:54:14 [ERROR]: Cast to ObjectId failed for value "occupancy" (type string) at path "_id" for model "Bed"
CastError: Cast to ObjectId failed for value "occupancy" (type string) at path "_id" for model "Bed"
    at ObjectId.cast (C:\Users\shrav\OneDrive\Desktop\HIS Quasar\HIS_Quasar\hospital-his-backend\node_modules\mongoose\lib\schema\objectid.js:250:11)
    at SchemaType.applySetters (C:\Users\shrav\OneDrive\Desktop\HIS Quasar\HIS_Quasar\hospital-his-backend\node_modules\mongoose\lib\schematype.js:1219:12)
    at SchemaType.castForQuery (C:\Users\shrav\OneDrive\Desktop\HIS Quasar\HIS_Quasar\hospital-his-backend\node_modules\mongoose\lib\schematype.js:1633:15)
    at cast (C:\Users\shrav\OneDrive\Desktop\HIS Quasar\HIS_Quasar\hospital-his-backend\node_modules\mongoose\lib\cast.js:389:32)
    at Query.cast (C:\Users\shrav\OneDrive\Desktop\HIS Quasar\HIS_Quasar\hospital-his-backend\node_modules\mongoose\lib\query.js:4927:12)
    at Query._castConditions (C:\Users\shrav\OneDrive\Desktop\HIS Quasar\HIS_Quasar\hospital-his-backend\node_modules\mongoose\lib\query.js:2237:10)
    at model.Query._findOne (C:\Users\shrav\OneDrive\Desktop\HIS Quasar\HIS_Quasar\hospital-his-backend\node_modules\mongoose\lib\query.js:2533:8)
    at model.Query.exec (C:\Users\shrav\OneDrive\Desktop\HIS Quasar\HIS_Quasar\hospital-his-backend\node_modules\mongoose\lib\query.js:4447:28)
    at process.processTicksAndRejections (node:internal/process/task_queues:103:5)
    at async C:\Users\shrav\OneDrive\Desktop\HIS Quasar\HIS_Quasar\hospital-his-backend\controllers\bed.controller.js:36:17
2026-01-20 16:54:14 [ERROR]: Cast to ObjectId failed for value "wards" (type string) at path "_id" for model "Bed"
CastError: Cast to ObjectId failed for value "wards" (type string) at path "_id" for model "Bed"
    at ObjectId.cast (C:\Users\shrav\OneDrive\Desktop\HIS Quasar\HIS_Quasar\hospital-his-backend\node_modules\mongoose\lib\schema\objectid.js:250:11)
    at SchemaType.applySetters (C:\Users\shrav\OneDrive\Desktop\HIS Quasar\HIS_Quasar\hospital-his-backend\node_modules\mongoose\lib\schematype.js:1219:12)
    at SchemaType.castForQuery (C:\Users\shrav\OneDrive\Desktop\HIS Quasar\HIS_Quasar\hospital-his-backend\node_modules\mongoose\lib\schematype.js:1633:15)
    at cast (C:\Users\shrav\OneDrive\Desktop\HIS Quasar\HIS_Quasar\hospital-his-backend\node_modules\mongoose\lib\cast.js:389:32)
    at Query.cast (C:\Users\shrav\OneDrive\Desktop\HIS Quasar\HIS_Quasar\hospital-his-backend\node_modules\mongoose\lib\query.js:4927:12)
    at Query._castConditions (C:\Users\shrav\OneDrive\Desktop\HIS Quasar\HIS_Quasar\hospital-his-backend\node_modules\mongoose\lib\query.js:2237:10)
    at model.Query._findOne (C:\Users\shrav\OneDrive\Desktop\HIS Quasar\HIS_Quasar\hospital-his-backend\node_modules\mongoose\lib\query.js:2533:8)
    at model.Query.exec (C:\Users\shrav\OneDrive\Desktop\HIS Quasar\HIS_Quasar\hospital-his-backend\node_modules\mongoose\lib\query.js:4447:28)
    at process.processTicksAndRejections (node:internal/process/task_queues:103:5)
    at async C:\Users\shrav\OneDrive\Desktop\HIS Quasar\HIS_Quasar\hospital-his-backend\controllers\bed.controller.js:36:17
2026-01-20 16:54:20 [ERROR]: User role 'doctor' is not authorized to access this route
Error: User role 'doctor' is not authorized to access this route
    at C:\Users\shrav\OneDrive\Desktop\HIS Quasar\HIS_Quasar\hospital-his-backend\middleware\rbac.middleware.js:21:17
    at Layer.handle [as handle_request] (C:\Users\shrav\OneDrive\Desktop\HIS Quasar\HIS_Quasar\hospital-his-backend\node_modules\express\lib\router\layer.js:95:5)
    at next (C:\Users\shrav\OneDrive\Desktop\HIS Quasar\HIS_Quasar\hospital-his-backend\node_modules\express\lib\router\route.js:149:13)
    at Route.dispatch (C:\Users\shrav\OneDrive\Desktop\HIS Quasar\HIS_Quasar\hospital-his-backend\node_modules\express\lib\router\route.js:119:3)
    at Layer.handle [as handle_request] (C:\Users\shrav\OneDrive\Desktop\HIS Quasar\HIS_Quasar\hospital-his-backend\node_modules\express\lib\router\layer.js:95:5)
    at C:\Users\shrav\OneDrive\Desktop\HIS Quasar\HIS_Quasar\hospital-his-backend\node_modules\express\lib\router\index.js:284:15
    at router.process_params (C:\Users\shrav\OneDrive\Desktop\HIS Quasar\HIS_Quasar\hospital-his-backend\node_modules\express\lib\router\index.js:346:12)
    at next (C:\Users\shrav\OneDrive\Desktop\HIS Quasar\HIS_Quasar\hospital-his-backend\node_modules\express\lib\router\index.js:280:10)
    at C:\Users\shrav\OneDrive\Desktop\HIS Quasar\HIS_Quasar\hospital-his-backend\middleware\auth.middleware.js:46:9
    at process.processTicksAndRejections (node:internal/process/task_queues:103:5)
2026-01-20 16:54:20 [ERROR]: Cast to ObjectId failed for value "occupancy" (type string) at path "_id" for model "Bed"
CastError: Cast to ObjectId failed for value "occupancy" (type string) at path "_id" for model "Bed"
    at ObjectId.cast (C:\Users\shrav\OneDrive\Desktop\HIS Quasar\HIS_Quasar\hospital-his-backend\node_modules\mongoose\lib\schema\objectid.js:250:11)
    at SchemaType.applySetters (C:\Users\shrav\OneDrive\Desktop\HIS Quasar\HIS_Quasar\hospital-his-backend\node_modules\mongoose\lib\schematype.js:1219:12)
    at SchemaType.castForQuery (C:\Users\shrav\OneDrive\Desktop\HIS Quasar\HIS_Quasar\hospital-his-backend\node_modules\mongoose\lib\schematype.js:1633:15)
    at cast (C:\Users\shrav\OneDrive\Desktop\HIS Quasar\HIS_Quasar\hospital-his-backend\node_modules\mongoose\lib\cast.js:389:32)
    at Query.cast (C:\Users\shrav\OneDrive\Desktop\HIS Quasar\HIS_Quasar\hospital-his-backend\node_modules\mongoose\lib\query.js:4927:12)
    at Query._castConditions (C:\Users\shrav\OneDrive\Desktop\HIS Quasar\HIS_Quasar\hospital-his-backend\node_modules\mongoose\lib\query.js:2237:10)
    at model.Query._findOne (C:\Users\shrav\OneDrive\Desktop\HIS Quasar\HIS_Quasar\hospital-his-backend\node_modules\mongoose\lib\query.js:2533:8)
    at model.Query.exec (C:\Users\shrav\OneDrive\Desktop\HIS Quasar\HIS_Quasar\hospital-his-backend\node_modules\mongoose\lib\query.js:4447:28)
    at process.processTicksAndRejections (node:internal/process/task_queues:103:5)
    at async C:\Users\shrav\OneDrive\Desktop\HIS Quasar\HIS_Quasar\hospital-his-backend\controllers\bed.controller.js:36:17
2026-01-20 16:54:20 [ERROR]: Cast to ObjectId failed for value "wards" (type string) at path "_id" for model "Bed"
CastError: Cast to ObjectId failed for value "wards" (type string) at path "_id" for model "Bed"
    at ObjectId.cast (C:\Users\shrav\OneDrive\Desktop\HIS Quasar\HIS_Quasar\hospital-his-backend\node_modules\mongoose\lib\schema\objectid.js:250:11)
    at SchemaType.applySetters (C:\Users\shrav\OneDrive\Desktop\HIS Quasar\HIS_Quasar\hospital-his-backend\node_modules\mongoose\lib\schematype.js:1219:12)
    at SchemaType.castForQuery (C:\Users\shrav\OneDrive\Desktop\HIS Quasar\HIS_Quasar\hospital-his-backend\node_modules\mongoose\lib\schematype.js:1633:15)
    at cast (C:\Users\shrav\OneDrive\Desktop\HIS Quasar\HIS_Quasar\hospital-his-backend\node_modules\mongoose\lib\cast.js:389:32)
    at Query.cast (C:\Users\shrav\OneDrive\Desktop\HIS Quasar\HIS_Quasar\hospital-his-backend\node_modules\mongoose\lib\query.js:4927:12)
    at Query._castConditions (C:\Users\shrav\OneDrive\Desktop\HIS Quasar\HIS_Quasar\hospital-his-backend\node_modules\mongoose\lib\query.js:2237:10)
    at model.Query._findOne (C:\Users\shrav\OneDrive\Desktop\HIS Quasar\HIS_Quasar\hospital-his-backend\node_modules\mongoose\lib\query.js:2533:8)
    at model.Query.exec (C:\Users\shrav\OneDrive\Desktop\HIS Quasar\HIS_Quasar\hospital-his-backend\node_modules\mongoose\lib\query.js:4447:28)
    at process.processTicksAndRejections (node:internal/process/task_queues:103:5)
    at async C:\Users\shrav\OneDrive\Desktop\HIS Quasar\HIS_Quasar\hospital-his-backend\controllers\bed.controller.js:36:17
2026-01-20 16:54:20 [ERROR]: Cast to ObjectId failed for value "occupancy" (type string) at path "_id" for model "Bed"
CastError: Cast to ObjectId failed for value "occupancy" (type string) at path "_id" for model "Bed"
    at ObjectId.cast (C:\Users\shrav\OneDrive\Desktop\HIS Quasar\HIS_Quasar\hospital-his-backend\node_modules\mongoose\lib\schema\objectid.js:250:11)
    at SchemaType.applySetters (C:\Users\shrav\OneDrive\Desktop\HIS Quasar\HIS_Quasar\hospital-his-backend\node_modules\mongoose\lib\schematype.js:1219:12)
    at SchemaType.castForQuery (C:\Users\shrav\OneDrive\Desktop\HIS Quasar\HIS_Quasar\hospital-his-backend\node_modules\mongoose\lib\schematype.js:1633:15)
    at cast (C:\Users\shrav\OneDrive\Desktop\HIS Quasar\HIS_Quasar\hospital-his-backend\node_modules\mongoose\lib\cast.js:389:32)
    at Query.cast (C:\Users\shrav\OneDrive\Desktop\HIS Quasar\HIS_Quasar\hospital-his-backend\node_modules\mongoose\lib\query.js:4927:12)
    at Query._castConditions (C:\Users\shrav\OneDrive\Desktop\HIS Quasar\HIS_Quasar\hospital-his-backend\node_modules\mongoose\lib\query.js:2237:10)
    at model.Query._findOne (C:\Users\shrav\OneDrive\Desktop\HIS Quasar\HIS_Quasar\hospital-his-backend\node_modules\mongoose\lib\query.js:2533:8)
    at model.Query.exec (C:\Users\shrav\OneDrive\Desktop\HIS Quasar\HIS_Quasar\hospital-his-backend\node_modules\mongoose\lib\query.js:4447:28)
    at process.processTicksAndRejections (node:internal/process/task_queues:103:5)
    at async C:\Users\shrav\OneDrive\Desktop\HIS Quasar\HIS_Quasar\hospital-his-backend\controllers\bed.controller.js:36:17
2026-01-20 16:54:20 [ERROR]: User role 'doctor' is not authorized to access this route
Error: User role 'doctor' is not authorized to access this route
    at C:\Users\shrav\OneDrive\Desktop\HIS Quasar\HIS_Quasar\hospital-his-backend\middleware\rbac.middleware.js:21:17
    at Layer.handle [as handle_request] (C:\Users\shrav\OneDrive\Desktop\HIS Quasar\HIS_Quasar\hospital-his-backend\node_modules\express\lib\router\layer.js:95:5)
    at next (C:\Users\shrav\OneDrive\Desktop\HIS Quasar\HIS_Quasar\hospital-his-backend\node_modules\express\lib\router\route.js:149:13)
    at Route.dispatch (C:\Users\shrav\OneDrive\Desktop\HIS Quasar\HIS_Quasar\hospital-his-backend\node_modules\express\lib\router\route.js:119:3)
    at Layer.handle [as handle_request] (C:\Users\shrav\OneDrive\Desktop\HIS Quasar\HIS_Quasar\hospital-his-backend\node_modules\express\lib\router\layer.js:95:5)
    at C:\Users\shrav\OneDrive\Desktop\HIS Quasar\HIS_Quasar\hospital-his-backend\node_modules\express\lib\router\index.js:284:15
    at router.process_params (C:\Users\shrav\OneDrive\Desktop\HIS Quasar\HIS_Quasar\hospital-his-backend\node_modules\express\lib\router\index.js:346:12)
    at next (C:\Users\shrav\OneDrive\Desktop\HIS Quasar\HIS_Quasar\hospital-his-backend\node_modules\express\lib\router\index.js:280:10)
    at C:\Users\shrav\OneDrive\Desktop\HIS Quasar\HIS_Quasar\hospital-his-backend\middleware\auth.middleware.js:46:9
    at process.processTicksAndRejections (node:internal/process/task_queues:103:5)
2026-01-20 16:54:20 [ERROR]: Cast to ObjectId failed for value "wards" (type string) at path "_id" for model "Bed"
CastError: Cast to ObjectId failed for value "wards" (type string) at path "_id" for model "Bed"
    at ObjectId.cast (C:\Users\shrav\OneDrive\Desktop\HIS Quasar\HIS_Quasar\hospital-his-backend\node_modules\mongoose\lib\schema\objectid.js:250:11)
    at SchemaType.applySetters (C:\Users\shrav\OneDrive\Desktop\HIS Quasar\HIS_Quasar\hospital-his-backend\node_modules\mongoose\lib\schematype.js:1219:12)
    at SchemaType.castForQuery (C:\Users\shrav\OneDrive\Desktop\HIS Quasar\HIS_Quasar\hospital-his-backend\node_modules\mongoose\lib\schematype.js:1633:15)
    at cast (C:\Users\shrav\OneDrive\Desktop\HIS Quasar\HIS_Quasar\hospital-his-backend\node_modules\mongoose\lib\cast.js:389:32)
    at Query.cast (C:\Users\shrav\OneDrive\Desktop\HIS Quasar\HIS_Quasar\hospital-his-backend\node_modules\mongoose\lib\query.js:4927:12)
    at Query._castConditions (C:\Users\shrav\OneDrive\Desktop\HIS Quasar\HIS_Quasar\hospital-his-backend\node_modules\mongoose\lib\query.js:2237:10)
    at model.Query._findOne (C:\Users\shrav\OneDrive\Desktop\HIS Quasar\HIS_Quasar\hospital-his-backend\node_modules\mongoose\lib\query.js:2533:8)
    at model.Query.exec (C:\Users\shrav\OneDrive\Desktop\HIS Quasar\HIS_Quasar\hospital-his-backend\node_modules\mongoose\lib\query.js:4447:28)
    at process.processTicksAndRejections (node:internal/process/task_queues:103:5)
    at async C:\Users\shrav\OneDrive\Desktop\HIS Quasar\HIS_Quasar\hospital-his-backend\controllers\bed.controller.js:36:17
2026-01-20 16:57:19 [ERROR]: User role 'doctor' is not authorized to access this route
Error: User role 'doctor' is not authorized to access this route
    at C:\Users\shrav\OneDrive\Desktop\HIS Quasar\HIS_Quasar\hospital-his-backend\middleware\rbac.middleware.js:21:17
    at Layer.handle [as handle_request] (C:\Users\shrav\OneDrive\Desktop\HIS Quasar\HIS_Quasar\hospital-his-backend\node_modules\express\lib\router\layer.js:95:5)
    at next (C:\Users\shrav\OneDrive\Desktop\HIS Quasar\HIS_Quasar\hospital-his-backend\node_modules\express\lib\router\route.js:149:13)
    at Route.dispatch (C:\Users\shrav\OneDrive\Desktop\HIS Quasar\HIS_Quasar\hospital-his-backend\node_modules\express\lib\router\route.js:119:3)
    at Layer.handle [as handle_request] (C:\Users\shrav\OneDrive\Desktop\HIS Quasar\HIS_Quasar\hospital-his-backend\node_modules\express\lib\router\layer.js:95:5)
    at C:\Users\shrav\OneDrive\Desktop\HIS Quasar\HIS_Quasar\hospital-his-backend\node_modules\express\lib\router\index.js:284:15
    at router.process_params (C:\Users\shrav\OneDrive\Desktop\HIS Quasar\HIS_Quasar\hospital-his-backend\node_modules\express\lib\router\index.js:346:12)
    at next (C:\Users\shrav\OneDrive\Desktop\HIS Quasar\HIS_Quasar\hospital-his-backend\node_modules\express\lib\router\index.js:280:10)
    at C:\Users\shrav\OneDrive\Desktop\HIS Quasar\HIS_Quasar\hospital-his-backend\middleware\auth.middleware.js:46:9
    at process.processTicksAndRejections (node:internal/process/task_queues:103:5)
2026-01-20 16:57:19 [ERROR]: User role 'doctor' is not authorized to access this route
Error: User role 'doctor' is not authorized to access this route
    at C:\Users\shrav\OneDrive\Desktop\HIS Quasar\HIS_Quasar\hospital-his-backend\middleware\rbac.middleware.js:21:17
    at Layer.handle [as handle_request] (C:\Users\shrav\OneDrive\Desktop\HIS Quasar\HIS_Quasar\hospital-his-backend\node_modules\express\lib\router\layer.js:95:5)
    at next (C:\Users\shrav\OneDrive\Desktop\HIS Quasar\HIS_Quasar\hospital-his-backend\node_modules\express\lib\router\route.js:149:13)
    at Route.dispatch (C:\Users\shrav\OneDrive\Desktop\HIS Quasar\HIS_Quasar\hospital-his-backend\node_modules\express\lib\router\route.js:119:3)
    at Layer.handle [as handle_request] (C:\Users\shrav\OneDrive\Desktop\HIS Quasar\HIS_Quasar\hospital-his-backend\node_modules\express\lib\router\layer.js:95:5)
    at C:\Users\shrav\OneDrive\Desktop\HIS Quasar\HIS_Quasar\hospital-his-backend\node_modules\express\lib\router\index.js:284:15
    at router.process_params (C:\Users\shrav\OneDrive\Desktop\HIS Quasar\HIS_Quasar\hospital-his-backend\node_modules\express\lib\router\index.js:346:12)
    at next (C:\Users\shrav\OneDrive\Desktop\HIS Quasar\HIS_Quasar\hospital-his-backend\node_modules\express\lib\router\index.js:280:10)
    at C:\Users\shrav\OneDrive\Desktop\HIS Quasar\HIS_Quasar\hospital-his-backend\middleware\auth.middleware.js:46:9
    at process.processTicksAndRejections (node:internal/process/task_queues:103:5)
2026-01-20 16:57:27 [ERROR]: User role 'doctor' is not authorized to access this route
Error: User role 'doctor' is not authorized to access this route
    at C:\Users\shrav\OneDrive\Desktop\HIS Quasar\HIS_Quasar\hospital-his-backend\middleware\rbac.middleware.js:21:17
    at Layer.handle [as handle_request] (C:\Users\shrav\OneDrive\Desktop\HIS Quasar\HIS_Quasar\hospital-his-backend\node_modules\express\lib\router\layer.js:95:5)
    at next (C:\Users\shrav\OneDrive\Desktop\HIS Quasar\HIS_Quasar\hospital-his-backend\node_modules\express\lib\router\route.js:149:13)
    at Route.dispatch (C:\Users\shrav\OneDrive\Desktop\HIS Quasar\HIS_Quasar\hospital-his-backend\node_modules\express\lib\router\route.js:119:3)
    at Layer.handle [as handle_request] (C:\Users\shrav\OneDrive\Desktop\HIS Quasar\HIS_Quasar\hospital-his-backend\node_modules\express\lib\router\layer.js:95:5)
    at C:\Users\shrav\OneDrive\Desktop\HIS Quasar\HIS_Quasar\hospital-his-backend\node_modules\express\lib\router\index.js:284:15
    at router.process_params (C:\Users\shrav\OneDrive\Desktop\HIS Quasar\HIS_Quasar\hospital-his-backend\node_modules\express\lib\router\index.js:346:12)
    at next (C:\Users\shrav\OneDrive\Desktop\HIS Quasar\HIS_Quasar\hospital-his-backend\node_modules\express\lib\router\index.js:280:10)
    at C:\Users\shrav\OneDrive\Desktop\HIS Quasar\HIS_Quasar\hospital-his-backend\middleware\auth.middleware.js:46:9
    at process.processTicksAndRejections (node:internal/process/task_queues:103:5)
2026-01-20 16:57:27 [ERROR]: User role 'doctor' is not authorized to access this route
Error: User role 'doctor' is not authorized to access this route
    at C:\Users\shrav\OneDrive\Desktop\HIS Quasar\HIS_Quasar\hospital-his-backend\middleware\rbac.middleware.js:21:17
    at Layer.handle [as handle_request] (C:\Users\shrav\OneDrive\Desktop\HIS Quasar\HIS_Quasar\hospital-his-backend\node_modules\express\lib\router\layer.js:95:5)
    at next (C:\Users\shrav\OneDrive\Desktop\HIS Quasar\HIS_Quasar\hospital-his-backend\node_modules\express\lib\router\route.js:149:13)
    at Route.dispatch (C:\Users\shrav\OneDrive\Desktop\HIS Quasar\HIS_Quasar\hospital-his-backend\node_modules\express\lib\router\route.js:119:3)
    at Layer.handle [as handle_request] (C:\Users\shrav\OneDrive\Desktop\HIS Quasar\HIS_Quasar\hospital-his-backend\node_modules\express\lib\router\layer.js:95:5)
    at C:\Users\shrav\OneDrive\Desktop\HIS Quasar\HIS_Quasar\hospital-his-backend\node_modules\express\lib\router\index.js:284:15
    at router.process_params (C:\Users\shrav\OneDrive\Desktop\HIS Quasar\HIS_Quasar\hospital-his-backend\node_modules\express\lib\router\index.js:346:12)
    at next (C:\Users\shrav\OneDrive\Desktop\HIS Quasar\HIS_Quasar\hospital-his-backend\node_modules\express\lib\router\index.js:280:10)
    at C:\Users\shrav\OneDrive\Desktop\HIS Quasar\HIS_Quasar\hospital-his-backend\middleware\auth.middleware.js:46:9
    at process.processTicksAndRejections (node:internal/process/task_queues:103:5)
2026-01-20 17:08:54 [ERROR]: User role 'receptionist' is not authorized to access this route
Error: User role 'receptionist' is not authorized to access this route
    at C:\Users\shrav\OneDrive\Desktop\HIS Quasar\HIS_Quasar\hospital-his-backend\middleware\rbac.middleware.js:21:17
    at Layer.handle [as handle_request] (C:\Users\shrav\OneDrive\Desktop\HIS Quasar\HIS_Quasar\hospital-his-backend\node_modules\express\lib\router\layer.js:95:5)
    at next (C:\Users\shrav\OneDrive\Desktop\HIS Quasar\HIS_Quasar\hospital-his-backend\node_modules\express\lib\router\route.js:149:13)
    at Route.dispatch (C:\Users\shrav\OneDrive\Desktop\HIS Quasar\HIS_Quasar\hospital-his-backend\node_modules\express\lib\router\route.js:119:3)
    at Layer.handle [as handle_request] (C:\Users\shrav\OneDrive\Desktop\HIS Quasar\HIS_Quasar\hospital-his-backend\node_modules\express\lib\router\layer.js:95:5)
    at C:\Users\shrav\OneDrive\Desktop\HIS Quasar\HIS_Quasar\hospital-his-backend\node_modules\express\lib\router\index.js:284:15
    at router.process_params (C:\Users\shrav\OneDrive\Desktop\HIS Quasar\HIS_Quasar\hospital-his-backend\node_modules\express\lib\router\index.js:346:12)
    at next (C:\Users\shrav\OneDrive\Desktop\HIS Quasar\HIS_Quasar\hospital-his-backend\node_modules\express\lib\router\index.js:280:10)
    at C:\Users\shrav\OneDrive\Desktop\HIS Quasar\HIS_Quasar\hospital-his-backend\middleware\auth.middleware.js:46:9
    at process.processTicksAndRejections (node:internal/process/task_queues:103:5)
2026-01-20 17:08:54 [ERROR]: User role 'receptionist' is not authorized to access this route
Error: User role 'receptionist' is not authorized to access this route
    at C:\Users\shrav\OneDrive\Desktop\HIS Quasar\HIS_Quasar\hospital-his-backend\middleware\rbac.middleware.js:21:17
    at Layer.handle [as handle_request] (C:\Users\shrav\OneDrive\Desktop\HIS Quasar\HIS_Quasar\hospital-his-backend\node_modules\express\lib\router\layer.js:95:5)
    at next (C:\Users\shrav\OneDrive\Desktop\HIS Quasar\HIS_Quasar\hospital-his-backend\node_modules\express\lib\router\route.js:149:13)
    at Route.dispatch (C:\Users\shrav\OneDrive\Desktop\HIS Quasar\HIS_Quasar\hospital-his-backend\node_modules\express\lib\router\route.js:119:3)
    at Layer.handle [as handle_request] (C:\Users\shrav\OneDrive\Desktop\HIS Quasar\HIS_Quasar\hospital-his-backend\node_modules\express\lib\router\layer.js:95:5)
    at C:\Users\shrav\OneDrive\Desktop\HIS Quasar\HIS_Quasar\hospital-his-backend\node_modules\express\lib\router\index.js:284:15
    at router.process_params (C:\Users\shrav\OneDrive\Desktop\HIS Quasar\HIS_Quasar\hospital-his-backend\node_modules\express\lib\router\index.js:346:12)
    at next (C:\Users\shrav\OneDrive\Desktop\HIS Quasar\HIS_Quasar\hospital-his-backend\node_modules\express\lib\router\index.js:280:10)
    at C:\Users\shrav\OneDrive\Desktop\HIS Quasar\HIS_Quasar\hospital-his-backend\middleware\auth.middleware.js:46:9
    at process.processTicksAndRejections (node:internal/process/task_queues:103:5)
2026-01-20 17:08:54 [ERROR]: User role 'receptionist' is not authorized to access this route
Error: User role 'receptionist' is not authorized to access this route
    at C:\Users\shrav\OneDrive\Desktop\HIS Quasar\HIS_Quasar\hospital-his-backend\middleware\rbac.middleware.js:21:17
    at Layer.handle [as handle_request] (C:\Users\shrav\OneDrive\Desktop\HIS Quasar\HIS_Quasar\hospital-his-backend\node_modules\express\lib\router\layer.js:95:5)
    at next (C:\Users\shrav\OneDrive\Desktop\HIS Quasar\HIS_Quasar\hospital-his-backend\node_modules\express\lib\router\route.js:149:13)
    at Route.dispatch (C:\Users\shrav\OneDrive\Desktop\HIS Quasar\HIS_Quasar\hospital-his-backend\node_modules\express\lib\router\route.js:119:3)
    at Layer.handle [as handle_request] (C:\Users\shrav\OneDrive\Desktop\HIS Quasar\HIS_Quasar\hospital-his-backend\node_modules\express\lib\router\layer.js:95:5)
    at C:\Users\shrav\OneDrive\Desktop\HIS Quasar\HIS_Quasar\hospital-his-backend\node_modules\express\lib\router\index.js:284:15
    at router.process_params (C:\Users\shrav\OneDrive\Desktop\HIS Quasar\HIS_Quasar\hospital-his-backend\node_modules\express\lib\router\index.js:346:12)
    at next (C:\Users\shrav\OneDrive\Desktop\HIS Quasar\HIS_Quasar\hospital-his-backend\node_modules\express\lib\router\index.js:280:10)
    at C:\Users\shrav\OneDrive\Desktop\HIS Quasar\HIS_Quasar\hospital-his-backend\middleware\auth.middleware.js:46:9
    at process.processTicksAndRejections (node:internal/process/task_queues:103:5)
2026-01-20 17:08:54 [ERROR]: User role 'receptionist' is not authorized to access this route
Error: User role 'receptionist' is not authorized to access this route
    at C:\Users\shrav\OneDrive\Desktop\HIS Quasar\HIS_Quasar\hospital-his-backend\middleware\rbac.middleware.js:21:17
    at Layer.handle [as handle_request] (C:\Users\shrav\OneDrive\Desktop\HIS Quasar\HIS_Quasar\hospital-his-backend\node_modules\express\lib\router\layer.js:95:5)
    at next (C:\Users\shrav\OneDrive\Desktop\HIS Quasar\HIS_Quasar\hospital-his-backend\node_modules\express\lib\router\route.js:149:13)
    at Route.dispatch (C:\Users\shrav\OneDrive\Desktop\HIS Quasar\HIS_Quasar\hospital-his-backend\node_modules\express\lib\router\route.js:119:3)
    at Layer.handle [as handle_request] (C:\Users\shrav\OneDrive\Desktop\HIS Quasar\HIS_Quasar\hospital-his-backend\node_modules\express\lib\router\layer.js:95:5)
    at C:\Users\shrav\OneDrive\Desktop\HIS Quasar\HIS_Quasar\hospital-his-backend\node_modules\express\lib\router\index.js:284:15
    at router.process_params (C:\Users\shrav\OneDrive\Desktop\HIS Quasar\HIS_Quasar\hospital-his-backend\node_modules\express\lib\router\index.js:346:12)
    at next (C:\Users\shrav\OneDrive\Desktop\HIS Quasar\HIS_Quasar\hospital-his-backend\node_modules\express\lib\router\index.js:280:10)
    at C:\Users\shrav\OneDrive\Desktop\HIS Quasar\HIS_Quasar\hospital-his-backend\middleware\auth.middleware.js:46:9
    at process.processTicksAndRejections (node:internal/process/task_queues:103:5)
2026-01-20 17:16:30 [ERROR]: Invalid credentials
Error: Invalid credentials
    at C:\Users\shrav\OneDrive\Desktop\HIS Quasar\HIS_Quasar\hospital-his-backend\controllers\auth.controller.js:24:21
    at process.processTicksAndRejections (node:internal/process/task_queues:103:5)
2026-01-20 17:16:31 [ERROR]: Invalid credentials
Error: Invalid credentials
    at C:\Users\shrav\OneDrive\Desktop\HIS Quasar\HIS_Quasar\hospital-his-backend\controllers\auth.controller.js:24:21
    at process.processTicksAndRejections (node:internal/process/task_queues:103:5)
2026-01-20 17:16:38 [ERROR]: Invalid credentials
Error: Invalid credentials
    at C:\Users\shrav\OneDrive\Desktop\HIS Quasar\HIS_Quasar\hospital-his-backend\controllers\auth.controller.js:24:21
    at process.processTicksAndRejections (node:internal/process/task_queues:103:5)
2026-01-20 17:16:58 [ERROR]: Invalid credentials
Error: Invalid credentials
    at C:\Users\shrav\OneDrive\Desktop\HIS Quasar\HIS_Quasar\hospital-his-backend\controllers\auth.controller.js:24:21
    at process.processTicksAndRejections (node:internal/process/task_queues:103:5)
2026-01-20 17:16:59 [ERROR]: Invalid credentials
Error: Invalid credentials
    at C:\Users\shrav\OneDrive\Desktop\HIS Quasar\HIS_Quasar\hospital-his-backend\controllers\auth.controller.js:24:21
    at process.processTicksAndRejections (node:internal/process/task_queues:103:5)
2026-01-20 17:16:59 [ERROR]: Invalid credentials
Error: Invalid credentials
    at C:\Users\shrav\OneDrive\Desktop\HIS Quasar\HIS_Quasar\hospital-his-backend\controllers\auth.controller.js:24:21
    at process.processTicksAndRejections (node:internal/process/task_queues:103:5)
2026-01-20 17:16:59 [ERROR]: Invalid credentials
Error: Invalid credentials
    at C:\Users\shrav\OneDrive\Desktop\HIS Quasar\HIS_Quasar\hospital-his-backend\controllers\auth.controller.js:24:21
    at process.processTicksAndRejections (node:internal/process/task_queues:103:5)
2026-01-20 17:17:00 [ERROR]: Invalid credentials
Error: Invalid credentials
    at C:\Users\shrav\OneDrive\Desktop\HIS Quasar\HIS_Quasar\hospital-his-backend\controllers\auth.controller.js:24:21
    at process.processTicksAndRejections (node:internal/process/task_queues:103:5)
2026-01-20 17:17:00 [ERROR]: Invalid credentials
Error: Invalid credentials
    at C:\Users\shrav\OneDrive\Desktop\HIS Quasar\HIS_Quasar\hospital-his-backend\controllers\auth.controller.js:24:21
    at process.processTicksAndRejections (node:internal/process/task_queues:103:5)
2026-01-20 17:17:00 [ERROR]: Invalid credentials
Error: Invalid credentials
    at C:\Users\shrav\OneDrive\Desktop\HIS Quasar\HIS_Quasar\hospital-his-backend\controllers\auth.controller.js:24:21
    at process.processTicksAndRejections (node:internal/process/task_queues:103:5)
2026-01-20 17:17:00 [ERROR]: Invalid credentials
Error: Invalid credentials
    at C:\Users\shrav\OneDrive\Desktop\HIS Quasar\HIS_Quasar\hospital-his-backend\controllers\auth.controller.js:24:21
    at process.processTicksAndRejections (node:internal/process/task_queues:103:5)
2026-01-20 17:17:01 [ERROR]: Invalid credentials
Error: Invalid credentials
    at C:\Users\shrav\OneDrive\Desktop\HIS Quasar\HIS_Quasar\hospital-his-backend\controllers\auth.controller.js:24:21
    at process.processTicksAndRejections (node:internal/process/task_queues:103:5)
2026-01-20 17:17:01 [ERROR]: Invalid credentials
Error: Invalid credentials
    at C:\Users\shrav\OneDrive\Desktop\HIS Quasar\HIS_Quasar\hospital-his-backend\controllers\auth.controller.js:24:21
    at process.processTicksAndRejections (node:internal/process/task_queues:103:5)
2026-01-20 17:20:58 [ERROR]: User role 'doctor' is not authorized to access this route
Error: User role 'doctor' is not authorized to access this route
    at C:\Users\shrav\OneDrive\Desktop\HIS Quasar\HIS_Quasar\hospital-his-backend\middleware\rbac.middleware.js:21:17
    at Layer.handle [as handle_request] (C:\Users\shrav\OneDrive\Desktop\HIS Quasar\HIS_Quasar\hospital-his-backend\node_modules\express\lib\router\layer.js:95:5)
    at next (C:\Users\shrav\OneDrive\Desktop\HIS Quasar\HIS_Quasar\hospital-his-backend\node_modules\express\lib\router\route.js:149:13)
    at Route.dispatch (C:\Users\shrav\OneDrive\Desktop\HIS Quasar\HIS_Quasar\hospital-his-backend\node_modules\express\lib\router\route.js:119:3)
    at Layer.handle [as handle_request] (C:\Users\shrav\OneDrive\Desktop\HIS Quasar\HIS_Quasar\hospital-his-backend\node_modules\express\lib\router\layer.js:95:5)
    at C:\Users\shrav\OneDrive\Desktop\HIS Quasar\HIS_Quasar\hospital-his-backend\node_modules\express\lib\router\index.js:284:15
    at router.process_params (C:\Users\shrav\OneDrive\Desktop\HIS Quasar\HIS_Quasar\hospital-his-backend\node_modules\express\lib\router\index.js:346:12)
    at next (C:\Users\shrav\OneDrive\Desktop\HIS Quasar\HIS_Quasar\hospital-his-backend\node_modules\express\lib\router\index.js:280:10)
    at C:\Users\shrav\OneDrive\Desktop\HIS Quasar\HIS_Quasar\hospital-his-backend\middleware\auth.middleware.js:46:9
    at process.processTicksAndRejections (node:internal/process/task_queues:103:5)
2026-01-20 17:20:58 [ERROR]: User role 'doctor' is not authorized to access this route
Error: User role 'doctor' is not authorized to access this route
    at C:\Users\shrav\OneDrive\Desktop\HIS Quasar\HIS_Quasar\hospital-his-backend\middleware\rbac.middleware.js:21:17
    at Layer.handle [as handle_request] (C:\Users\shrav\OneDrive\Desktop\HIS Quasar\HIS_Quasar\hospital-his-backend\node_modules\express\lib\router\layer.js:95:5)
    at next (C:\Users\shrav\OneDrive\Desktop\HIS Quasar\HIS_Quasar\hospital-his-backend\node_modules\express\lib\router\route.js:149:13)
    at Route.dispatch (C:\Users\shrav\OneDrive\Desktop\HIS Quasar\HIS_Quasar\hospital-his-backend\node_modules\express\lib\router\route.js:119:3)
    at Layer.handle [as handle_request] (C:\Users\shrav\OneDrive\Desktop\HIS Quasar\HIS_Quasar\hospital-his-backend\node_modules\express\lib\router\layer.js:95:5)
    at C:\Users\shrav\OneDrive\Desktop\HIS Quasar\HIS_Quasar\hospital-his-backend\node_modules\express\lib\router\index.js:284:15
    at router.process_params (C:\Users\shrav\OneDrive\Desktop\HIS Quasar\HIS_Quasar\hospital-his-backend\node_modules\express\lib\router\index.js:346:12)
    at next (C:\Users\shrav\OneDrive\Desktop\HIS Quasar\HIS_Quasar\hospital-his-backend\node_modules\express\lib\router\index.js:280:10)
    at C:\Users\shrav\OneDrive\Desktop\HIS Quasar\HIS_Quasar\hospital-his-backend\middleware\auth.middleware.js:46:9
    at process.processTicksAndRejections (node:internal/process/task_queues:103:5)
2026-01-20 17:20:58 [ERROR]: User role 'doctor' is not authorized to access this route
Error: User role 'doctor' is not authorized to access this route
    at C:\Users\shrav\OneDrive\Desktop\HIS Quasar\HIS_Quasar\hospital-his-backend\middleware\rbac.middleware.js:21:17
    at Layer.handle [as handle_request] (C:\Users\shrav\OneDrive\Desktop\HIS Quasar\HIS_Quasar\hospital-his-backend\node_modules\express\lib\router\layer.js:95:5)
    at next (C:\Users\shrav\OneDrive\Desktop\HIS Quasar\HIS_Quasar\hospital-his-backend\node_modules\express\lib\router\route.js:149:13)
    at Route.dispatch (C:\Users\shrav\OneDrive\Desktop\HIS Quasar\HIS_Quasar\hospital-his-backend\node_modules\express\lib\router\route.js:119:3)
    at Layer.handle [as handle_request] (C:\Users\shrav\OneDrive\Desktop\HIS Quasar\HIS_Quasar\hospital-his-backend\node_modules\express\lib\router\layer.js:95:5)
    at C:\Users\shrav\OneDrive\Desktop\HIS Quasar\HIS_Quasar\hospital-his-backend\node_modules\express\lib\router\index.js:284:15
    at router.process_params (C:\Users\shrav\OneDrive\Desktop\HIS Quasar\HIS_Quasar\hospital-his-backend\node_modules\express\lib\router\index.js:346:12)
    at next (C:\Users\shrav\OneDrive\Desktop\HIS Quasar\HIS_Quasar\hospital-his-backend\node_modules\express\lib\router\index.js:280:10)
    at C:\Users\shrav\OneDrive\Desktop\HIS Quasar\HIS_Quasar\hospital-his-backend\middleware\auth.middleware.js:46:9
    at process.processTicksAndRejections (node:internal/process/task_queues:103:5)
2026-01-20 17:20:58 [ERROR]: User role 'doctor' is not authorized to access this route
Error: User role 'doctor' is not authorized to access this route
    at C:\Users\shrav\OneDrive\Desktop\HIS Quasar\HIS_Quasar\hospital-his-backend\middleware\rbac.middleware.js:21:17
    at Layer.handle [as handle_request] (C:\Users\shrav\OneDrive\Desktop\HIS Quasar\HIS_Quasar\hospital-his-backend\node_modules\express\lib\router\layer.js:95:5)
    at next (C:\Users\shrav\OneDrive\Desktop\HIS Quasar\HIS_Quasar\hospital-his-backend\node_modules\express\lib\router\route.js:149:13)
    at Route.dispatch (C:\Users\shrav\OneDrive\Desktop\HIS Quasar\HIS_Quasar\hospital-his-backend\node_modules\express\lib\router\route.js:119:3)
    at Layer.handle [as handle_request] (C:\Users\shrav\OneDrive\Desktop\HIS Quasar\HIS_Quasar\hospital-his-backend\node_modules\express\lib\router\layer.js:95:5)
    at C:\Users\shrav\OneDrive\Desktop\HIS Quasar\HIS_Quasar\hospital-his-backend\node_modules\express\lib\router\index.js:284:15
    at router.process_params (C:\Users\shrav\OneDrive\Desktop\HIS Quasar\HIS_Quasar\hospital-his-backend\node_modules\express\lib\router\index.js:346:12)
    at next (C:\Users\shrav\OneDrive\Desktop\HIS Quasar\HIS_Quasar\hospital-his-backend\node_modules\express\lib\router\index.js:280:10)
    at C:\Users\shrav\OneDrive\Desktop\HIS Quasar\HIS_Quasar\hospital-his-backend\middleware\auth.middleware.js:46:9
    at process.processTicksAndRejections (node:internal/process/task_queues:103:5)
2026-01-20 17:21:01 [ERROR]: User role 'doctor' is not authorized to access this route
Error: User role 'doctor' is not authorized to access this route
    at C:\Users\shrav\OneDrive\Desktop\HIS Quasar\HIS_Quasar\hospital-his-backend\middleware\rbac.middleware.js:21:17
    at Layer.handle [as handle_request] (C:\Users\shrav\OneDrive\Desktop\HIS Quasar\HIS_Quasar\hospital-his-backend\node_modules\express\lib\router\layer.js:95:5)
    at next (C:\Users\shrav\OneDrive\Desktop\HIS Quasar\HIS_Quasar\hospital-his-backend\node_modules\express\lib\router\route.js:149:13)
    at Route.dispatch (C:\Users\shrav\OneDrive\Desktop\HIS Quasar\HIS_Quasar\hospital-his-backend\node_modules\express\lib\router\route.js:119:3)
    at Layer.handle [as handle_request] (C:\Users\shrav\OneDrive\Desktop\HIS Quasar\HIS_Quasar\hospital-his-backend\node_modules\express\lib\router\layer.js:95:5)
    at C:\Users\shrav\OneDrive\Desktop\HIS Quasar\HIS_Quasar\hospital-his-backend\node_modules\express\lib\router\index.js:284:15
    at router.process_params (C:\Users\shrav\OneDrive\Desktop\HIS Quasar\HIS_Quasar\hospital-his-backend\node_modules\express\lib\router\index.js:346:12)
    at next (C:\Users\shrav\OneDrive\Desktop\HIS Quasar\HIS_Quasar\hospital-his-backend\node_modules\express\lib\router\index.js:280:10)
    at C:\Users\shrav\OneDrive\Desktop\HIS Quasar\HIS_Quasar\hospital-his-backend\middleware\auth.middleware.js:46:9
    at process.processTicksAndRejections (node:internal/process/task_queues:103:5)
2026-01-20 17:21:01 [ERROR]: User role 'doctor' is not authorized to access this route
Error: User role 'doctor' is not authorized to access this route
    at C:\Users\shrav\OneDrive\Desktop\HIS Quasar\HIS_Quasar\hospital-his-backend\middleware\rbac.middleware.js:21:17
    at Layer.handle [as handle_request] (C:\Users\shrav\OneDrive\Desktop\HIS Quasar\HIS_Quasar\hospital-his-backend\node_modules\express\lib\router\layer.js:95:5)
    at next (C:\Users\shrav\OneDrive\Desktop\HIS Quasar\HIS_Quasar\hospital-his-backend\node_modules\express\lib\router\route.js:149:13)
    at Route.dispatch (C:\Users\shrav\OneDrive\Desktop\HIS Quasar\HIS_Quasar\hospital-his-backend\node_modules\express\lib\router\route.js:119:3)
    at Layer.handle [as handle_request] (C:\Users\shrav\OneDrive\Desktop\HIS Quasar\HIS_Quasar\hospital-his-backend\node_modules\express\lib\router\layer.js:95:5)
    at C:\Users\shrav\OneDrive\Desktop\HIS Quasar\HIS_Quasar\hospital-his-backend\node_modules\express\lib\router\index.js:284:15
    at router.process_params (C:\Users\shrav\OneDrive\Desktop\HIS Quasar\HIS_Quasar\hospital-his-backend\node_modules\express\lib\router\index.js:346:12)
    at next (C:\Users\shrav\OneDrive\Desktop\HIS Quasar\HIS_Quasar\hospital-his-backend\node_modules\express\lib\router\index.js:280:10)
    at C:\Users\shrav\OneDrive\Desktop\HIS Quasar\HIS_Quasar\hospital-his-backend\middleware\auth.middleware.js:46:9
    at process.processTicksAndRejections (node:internal/process/task_queues:103:5)
2026-01-20 17:21:01 [ERROR]: User role 'doctor' is not authorized to access this route
Error: User role 'doctor' is not authorized to access this route
    at C:\Users\shrav\OneDrive\Desktop\HIS Quasar\HIS_Quasar\hospital-his-backend\middleware\rbac.middleware.js:21:17
    at Layer.handle [as handle_request] (C:\Users\shrav\OneDrive\Desktop\HIS Quasar\HIS_Quasar\hospital-his-backend\node_modules\express\lib\router\layer.js:95:5)
    at next (C:\Users\shrav\OneDrive\Desktop\HIS Quasar\HIS_Quasar\hospital-his-backend\node_modules\express\lib\router\route.js:149:13)
    at Route.dispatch (C:\Users\shrav\OneDrive\Desktop\HIS Quasar\HIS_Quasar\hospital-his-backend\node_modules\express\lib\router\route.js:119:3)
    at Layer.handle [as handle_request] (C:\Users\shrav\OneDrive\Desktop\HIS Quasar\HIS_Quasar\hospital-his-backend\node_modules\express\lib\router\layer.js:95:5)
    at C:\Users\shrav\OneDrive\Desktop\HIS Quasar\HIS_Quasar\hospital-his-backend\node_modules\express\lib\router\index.js:284:15
    at router.process_params (C:\Users\shrav\OneDrive\Desktop\HIS Quasar\HIS_Quasar\hospital-his-backend\node_modules\express\lib\router\index.js:346:12)
    at next (C:\Users\shrav\OneDrive\Desktop\HIS Quasar\HIS_Quasar\hospital-his-backend\node_modules\express\lib\router\index.js:280:10)
    at C:\Users\shrav\OneDrive\Desktop\HIS Quasar\HIS_Quasar\hospital-his-backend\middleware\auth.middleware.js:46:9
    at process.processTicksAndRejections (node:internal/process/task_queues:103:5)
2026-01-20 17:21:01 [ERROR]: User role 'doctor' is not authorized to access this route
Error: User role 'doctor' is not authorized to access this route
    at C:\Users\shrav\OneDrive\Desktop\HIS Quasar\HIS_Quasar\hospital-his-backend\middleware\rbac.middleware.js:21:17
    at Layer.handle [as handle_request] (C:\Users\shrav\OneDrive\Desktop\HIS Quasar\HIS_Quasar\hospital-his-backend\node_modules\express\lib\router\layer.js:95:5)
    at next (C:\Users\shrav\OneDrive\Desktop\HIS Quasar\HIS_Quasar\hospital-his-backend\node_modules\express\lib\router\route.js:149:13)
    at Route.dispatch (C:\Users\shrav\OneDrive\Desktop\HIS Quasar\HIS_Quasar\hospital-his-backend\node_modules\express\lib\router\route.js:119:3)
    at Layer.handle [as handle_request] (C:\Users\shrav\OneDrive\Desktop\HIS Quasar\HIS_Quasar\hospital-his-backend\node_modules\express\lib\router\layer.js:95:5)
    at C:\Users\shrav\OneDrive\Desktop\HIS Quasar\HIS_Quasar\hospital-his-backend\node_modules\express\lib\router\index.js:284:15
    at router.process_params (C:\Users\shrav\OneDrive\Desktop\HIS Quasar\HIS_Quasar\hospital-his-backend\node_modules\express\lib\router\index.js:346:12)
    at next (C:\Users\shrav\OneDrive\Desktop\HIS Quasar\HIS_Quasar\hospital-his-backend\node_modules\express\lib\router\index.js:280:10)
    at C:\Users\shrav\OneDrive\Desktop\HIS Quasar\HIS_Quasar\hospital-his-backend\middleware\auth.middleware.js:46:9
    at process.processTicksAndRejections (node:internal/process/task_queues:103:5)
2026-01-20 17:34:47 [ERROR]: Admission validation failed: admissionNumber: Path `admissionNumber` is required.
ValidationError: Admission validation failed: admissionNumber: Path `admissionNumber` is required.
    at Document.invalidate (C:\Users\shrav\OneDrive\Desktop\HIS Quasar\HIS_Quasar\hospital-his-backend\node_modules\mongoose\lib\document.js:3221:32)
    at C:\Users\shrav\OneDrive\Desktop\HIS Quasar\HIS_Quasar\hospital-his-backend\node_modules\mongoose\lib\document.js:3014:17
    at C:\Users\shrav\OneDrive\Desktop\HIS Quasar\HIS_Quasar\hospital-his-backend\node_modules\mongoose\lib\schematype.js:1368:9
    at process.processTicksAndRejections (node:internal/process/task_queues:84:11)
2026-01-20 17:37:05 [ERROR]: Admission validation failed: admissionNumber: Path `admissionNumber` is required.
ValidationError: Admission validation failed: admissionNumber: Path `admissionNumber` is required.
    at Document.invalidate (C:\Users\shrav\OneDrive\Desktop\HIS Quasar\HIS_Quasar\hospital-his-backend\node_modules\mongoose\lib\document.js:3221:32)
    at C:\Users\shrav\OneDrive\Desktop\HIS Quasar\HIS_Quasar\hospital-his-backend\node_modules\mongoose\lib\document.js:3014:17
    at C:\Users\shrav\OneDrive\Desktop\HIS Quasar\HIS_Quasar\hospital-his-backend\node_modules\mongoose\lib\schematype.js:1368:9
    at process.processTicksAndRejections (node:internal/process/task_queues:84:11)
2026-01-20 17:42:54 [ERROR]: Admission validation failed: admissionNumber: Path `admissionNumber` is required.
ValidationError: Admission validation failed: admissionNumber: Path `admissionNumber` is required.
    at Document.invalidate (C:\Users\shrav\OneDrive\Desktop\HIS Quasar\HIS_Quasar\hospital-his-backend\node_modules\mongoose\lib\document.js:3221:32)
    at C:\Users\shrav\OneDrive\Desktop\HIS Quasar\HIS_Quasar\hospital-his-backend\node_modules\mongoose\lib\document.js:3014:17
    at C:\Users\shrav\OneDrive\Desktop\HIS Quasar\HIS_Quasar\hospital-his-backend\node_modules\mongoose\lib\schematype.js:1368:9
    at process.processTicksAndRejections (node:internal/process/task_queues:84:11)
2026-01-20 20:04:08 [ERROR]: Invalid credentials
Error: Invalid credentials
    at C:\Users\shrav\OneDrive\Desktop\HIS Quasar\HIS_Quasar\hospital-his-backend\controllers\auth.controller.js:36:21
2026-01-20 20:04:09 [ERROR]: Invalid credentials
Error: Invalid credentials
    at C:\Users\shrav\OneDrive\Desktop\HIS Quasar\HIS_Quasar\hospital-his-backend\controllers\auth.controller.js:36:21
2026-01-20 20:05:30 [ERROR]: User role 'receptionist' is not authorized to access this route
Error: User role 'receptionist' is not authorized to access this route
    at C:\Users\shrav\OneDrive\Desktop\HIS Quasar\HIS_Quasar\hospital-his-backend\middleware\rbac.middleware.js:21:17
    at Layer.handle [as handle_request] (C:\Users\shrav\OneDrive\Desktop\HIS Quasar\HIS_Quasar\hospital-his-backend\node_modules\express\lib\router\layer.js:95:5)
    at next (C:\Users\shrav\OneDrive\Desktop\HIS Quasar\HIS_Quasar\hospital-his-backend\node_modules\express\lib\router\route.js:149:13)
    at Route.dispatch (C:\Users\shrav\OneDrive\Desktop\HIS Quasar\HIS_Quasar\hospital-his-backend\node_modules\express\lib\router\route.js:119:3)
    at Layer.handle [as handle_request] (C:\Users\shrav\OneDrive\Desktop\HIS Quasar\HIS_Quasar\hospital-his-backend\node_modules\express\lib\router\layer.js:95:5)
    at C:\Users\shrav\OneDrive\Desktop\HIS Quasar\HIS_Quasar\hospital-his-backend\node_modules\express\lib\router\index.js:284:15
    at router.process_params (C:\Users\shrav\OneDrive\Desktop\HIS Quasar\HIS_Quasar\hospital-his-backend\node_modules\express\lib\router\index.js:346:12)
    at next (C:\Users\shrav\OneDrive\Desktop\HIS Quasar\HIS_Quasar\hospital-his-backend\node_modules\express\lib\router\index.js:280:10)
    at C:\Users\shrav\OneDrive\Desktop\HIS Quasar\HIS_Quasar\hospital-his-backend\middleware\auth.middleware.js:46:9
    at process.processTicksAndRejections (node:internal/process/task_queues:103:5)
2026-01-20 20:05:30 [ERROR]: User role 'receptionist' is not authorized to access this route
Error: User role 'receptionist' is not authorized to access this route
    at C:\Users\shrav\OneDrive\Desktop\HIS Quasar\HIS_Quasar\hospital-his-backend\middleware\rbac.middleware.js:21:17
    at Layer.handle [as handle_request] (C:\Users\shrav\OneDrive\Desktop\HIS Quasar\HIS_Quasar\hospital-his-backend\node_modules\express\lib\router\layer.js:95:5)
    at next (C:\Users\shrav\OneDrive\Desktop\HIS Quasar\HIS_Quasar\hospital-his-backend\node_modules\express\lib\router\route.js:149:13)
    at Route.dispatch (C:\Users\shrav\OneDrive\Desktop\HIS Quasar\HIS_Quasar\hospital-his-backend\node_modules\express\lib\router\route.js:119:3)
    at Layer.handle [as handle_request] (C:\Users\shrav\OneDrive\Desktop\HIS Quasar\HIS_Quasar\hospital-his-backend\node_modules\express\lib\router\layer.js:95:5)
    at C:\Users\shrav\OneDrive\Desktop\HIS Quasar\HIS_Quasar\hospital-his-backend\node_modules\express\lib\router\index.js:284:15
    at router.process_params (C:\Users\shrav\OneDrive\Desktop\HIS Quasar\HIS_Quasar\hospital-his-backend\node_modules\express\lib\router\index.js:346:12)
    at next (C:\Users\shrav\OneDrive\Desktop\HIS Quasar\HIS_Quasar\hospital-his-backend\node_modules\express\lib\router\index.js:280:10)
    at C:\Users\shrav\OneDrive\Desktop\HIS Quasar\HIS_Quasar\hospital-his-backend\middleware\auth.middleware.js:46:9
    at process.processTicksAndRejections (node:internal/process/task_queues:103:5)
2026-01-20 20:05:30 [ERROR]: User role 'receptionist' is not authorized to access this route
Error: User role 'receptionist' is not authorized to access this route
    at C:\Users\shrav\OneDrive\Desktop\HIS Quasar\HIS_Quasar\hospital-his-backend\middleware\rbac.middleware.js:21:17
    at Layer.handle [as handle_request] (C:\Users\shrav\OneDrive\Desktop\HIS Quasar\HIS_Quasar\hospital-his-backend\node_modules\express\lib\router\layer.js:95:5)
    at next (C:\Users\shrav\OneDrive\Desktop\HIS Quasar\HIS_Quasar\hospital-his-backend\node_modules\express\lib\router\route.js:149:13)
    at Route.dispatch (C:\Users\shrav\OneDrive\Desktop\HIS Quasar\HIS_Quasar\hospital-his-backend\node_modules\express\lib\router\route.js:119:3)
    at Layer.handle [as handle_request] (C:\Users\shrav\OneDrive\Desktop\HIS Quasar\HIS_Quasar\hospital-his-backend\node_modules\express\lib\router\layer.js:95:5)
    at C:\Users\shrav\OneDrive\Desktop\HIS Quasar\HIS_Quasar\hospital-his-backend\node_modules\express\lib\router\index.js:284:15
    at router.process_params (C:\Users\shrav\OneDrive\Desktop\HIS Quasar\HIS_Quasar\hospital-his-backend\node_modules\express\lib\router\index.js:346:12)
    at next (C:\Users\shrav\OneDrive\Desktop\HIS Quasar\HIS_Quasar\hospital-his-backend\node_modules\express\lib\router\index.js:280:10)
    at C:\Users\shrav\OneDrive\Desktop\HIS Quasar\HIS_Quasar\hospital-his-backend\middleware\auth.middleware.js:46:9
    at process.processTicksAndRejections (node:internal/process/task_queues:103:5)
2026-01-20 20:05:30 [ERROR]: User role 'receptionist' is not authorized to access this route
Error: User role 'receptionist' is not authorized to access this route
    at C:\Users\shrav\OneDrive\Desktop\HIS Quasar\HIS_Quasar\hospital-his-backend\middleware\rbac.middleware.js:21:17
    at Layer.handle [as handle_request] (C:\Users\shrav\OneDrive\Desktop\HIS Quasar\HIS_Quasar\hospital-his-backend\node_modules\express\lib\router\layer.js:95:5)
    at next (C:\Users\shrav\OneDrive\Desktop\HIS Quasar\HIS_Quasar\hospital-his-backend\node_modules\express\lib\router\route.js:149:13)
    at Route.dispatch (C:\Users\shrav\OneDrive\Desktop\HIS Quasar\HIS_Quasar\hospital-his-backend\node_modules\express\lib\router\route.js:119:3)
    at Layer.handle [as handle_request] (C:\Users\shrav\OneDrive\Desktop\HIS Quasar\HIS_Quasar\hospital-his-backend\node_modules\express\lib\router\layer.js:95:5)
    at C:\Users\shrav\OneDrive\Desktop\HIS Quasar\HIS_Quasar\hospital-his-backend\node_modules\express\lib\router\index.js:284:15
    at router.process_params (C:\Users\shrav\OneDrive\Desktop\HIS Quasar\HIS_Quasar\hospital-his-backend\node_modules\express\lib\router\index.js:346:12)
    at next (C:\Users\shrav\OneDrive\Desktop\HIS Quasar\HIS_Quasar\hospital-his-backend\node_modules\express\lib\router\index.js:280:10)
    at C:\Users\shrav\OneDrive\Desktop\HIS Quasar\HIS_Quasar\hospital-his-backend\middleware\auth.middleware.js:46:9
    at process.processTicksAndRejections (node:internal/process/task_queues:103:5)
2026-01-20 21:41:18 [ERROR]: Invalid credentials
Error: Invalid credentials
    at C:\Users\shrav\OneDrive\Desktop\HIS Quasar\HIS_Quasar\hospital-his-backend\controllers\auth.controller.js:24:21
    at process.processTicksAndRejections (node:internal/process/task_queues:103:5)
2026-01-20 21:41:19 [ERROR]: Invalid credentials
Error: Invalid credentials
    at C:\Users\shrav\OneDrive\Desktop\HIS Quasar\HIS_Quasar\hospital-his-backend\controllers\auth.controller.js:24:21
    at process.processTicksAndRejections (node:internal/process/task_queues:103:5)
2026-01-20 21:41:20 [ERROR]: Invalid credentials
Error: Invalid credentials
    at C:\Users\shrav\OneDrive\Desktop\HIS Quasar\HIS_Quasar\hospital-his-backend\controllers\auth.controller.js:24:21
    at process.processTicksAndRejections (node:internal/process/task_queues:103:5)
2026-01-20 21:41:29 [ERROR]: Invalid credentials
Error: Invalid credentials
    at C:\Users\shrav\OneDrive\Desktop\HIS Quasar\HIS_Quasar\hospital-his-backend\controllers\auth.controller.js:24:21
    at process.processTicksAndRejections (node:internal/process/task_queues:103:5)
2026-01-20 21:44:43 [ERROR]: User role 'doctor' is not authorized to access this route
Error: User role 'doctor' is not authorized to access this route
    at C:\Users\shrav\OneDrive\Desktop\HIS Quasar\HIS_Quasar\hospital-his-backend\middleware\rbac.middleware.js:21:17
    at Layer.handle [as handle_request] (C:\Users\shrav\OneDrive\Desktop\HIS Quasar\HIS_Quasar\hospital-his-backend\node_modules\express\lib\router\layer.js:95:5)
    at next (C:\Users\shrav\OneDrive\Desktop\HIS Quasar\HIS_Quasar\hospital-his-backend\node_modules\express\lib\router\route.js:149:13)
    at Route.dispatch (C:\Users\shrav\OneDrive\Desktop\HIS Quasar\HIS_Quasar\hospital-his-backend\node_modules\express\lib\router\route.js:119:3)
    at Layer.handle [as handle_request] (C:\Users\shrav\OneDrive\Desktop\HIS Quasar\HIS_Quasar\hospital-his-backend\node_modules\express\lib\router\layer.js:95:5)
    at C:\Users\shrav\OneDrive\Desktop\HIS Quasar\HIS_Quasar\hospital-his-backend\node_modules\express\lib\router\index.js:284:15
    at router.process_params (C:\Users\shrav\OneDrive\Desktop\HIS Quasar\HIS_Quasar\hospital-his-backend\node_modules\express\lib\router\index.js:346:12)
    at next (C:\Users\shrav\OneDrive\Desktop\HIS Quasar\HIS_Quasar\hospital-his-backend\node_modules\express\lib\router\index.js:280:10)
    at C:\Users\shrav\OneDrive\Desktop\HIS Quasar\HIS_Quasar\hospital-his-backend\middleware\auth.middleware.js:46:9
    at process.processTicksAndRejections (node:internal/process/task_queues:103:5)
2026-01-20 21:44:43 [ERROR]: User role 'doctor' is not authorized to access this route
Error: User role 'doctor' is not authorized to access this route
    at C:\Users\shrav\OneDrive\Desktop\HIS Quasar\HIS_Quasar\hospital-his-backend\middleware\rbac.middleware.js:21:17
    at Layer.handle [as handle_request] (C:\Users\shrav\OneDrive\Desktop\HIS Quasar\HIS_Quasar\hospital-his-backend\node_modules\express\lib\router\layer.js:95:5)
    at next (C:\Users\shrav\OneDrive\Desktop\HIS Quasar\HIS_Quasar\hospital-his-backend\node_modules\express\lib\router\route.js:149:13)
    at Route.dispatch (C:\Users\shrav\OneDrive\Desktop\HIS Quasar\HIS_Quasar\hospital-his-backend\node_modules\express\lib\router\route.js:119:3)
    at Layer.handle [as handle_request] (C:\Users\shrav\OneDrive\Desktop\HIS Quasar\HIS_Quasar\hospital-his-backend\node_modules\express\lib\router\layer.js:95:5)
    at C:\Users\shrav\OneDrive\Desktop\HIS Quasar\HIS_Quasar\hospital-his-backend\node_modules\express\lib\router\index.js:284:15
    at router.process_params (C:\Users\shrav\OneDrive\Desktop\HIS Quasar\HIS_Quasar\hospital-his-backend\node_modules\express\lib\router\index.js:346:12)
    at next (C:\Users\shrav\OneDrive\Desktop\HIS Quasar\HIS_Quasar\hospital-his-backend\node_modules\express\lib\router\index.js:280:10)
    at C:\Users\shrav\OneDrive\Desktop\HIS Quasar\HIS_Quasar\hospital-his-backend\middleware\auth.middleware.js:46:9
    at process.processTicksAndRejections (node:internal/process/task_queues:103:5)
2026-01-20 21:44:43 [ERROR]: User role 'doctor' is not authorized to access this route
Error: User role 'doctor' is not authorized to access this route
    at C:\Users\shrav\OneDrive\Desktop\HIS Quasar\HIS_Quasar\hospital-his-backend\middleware\rbac.middleware.js:21:17
    at Layer.handle [as handle_request] (C:\Users\shrav\OneDrive\Desktop\HIS Quasar\HIS_Quasar\hospital-his-backend\node_modules\express\lib\router\layer.js:95:5)
    at next (C:\Users\shrav\OneDrive\Desktop\HIS Quasar\HIS_Quasar\hospital-his-backend\node_modules\express\lib\router\route.js:149:13)
    at Route.dispatch (C:\Users\shrav\OneDrive\Desktop\HIS Quasar\HIS_Quasar\hospital-his-backend\node_modules\express\lib\router\route.js:119:3)
    at Layer.handle [as handle_request] (C:\Users\shrav\OneDrive\Desktop\HIS Quasar\HIS_Quasar\hospital-his-backend\node_modules\express\lib\router\layer.js:95:5)
    at C:\Users\shrav\OneDrive\Desktop\HIS Quasar\HIS_Quasar\hospital-his-backend\node_modules\express\lib\router\index.js:284:15
    at router.process_params (C:\Users\shrav\OneDrive\Desktop\HIS Quasar\HIS_Quasar\hospital-his-backend\node_modules\express\lib\router\index.js:346:12)
    at next (C:\Users\shrav\OneDrive\Desktop\HIS Quasar\HIS_Quasar\hospital-his-backend\node_modules\express\lib\router\index.js:280:10)
    at C:\Users\shrav\OneDrive\Desktop\HIS Quasar\HIS_Quasar\hospital-his-backend\middleware\auth.middleware.js:46:9
    at process.processTicksAndRejections (node:internal/process/task_queues:103:5)
2026-01-20 21:44:43 [ERROR]: User role 'doctor' is not authorized to access this route
Error: User role 'doctor' is not authorized to access this route
    at C:\Users\shrav\OneDrive\Desktop\HIS Quasar\HIS_Quasar\hospital-his-backend\middleware\rbac.middleware.js:21:17
    at Layer.handle [as handle_request] (C:\Users\shrav\OneDrive\Desktop\HIS Quasar\HIS_Quasar\hospital-his-backend\node_modules\express\lib\router\layer.js:95:5)
    at next (C:\Users\shrav\OneDrive\Desktop\HIS Quasar\HIS_Quasar\hospital-his-backend\node_modules\express\lib\router\route.js:149:13)
    at Route.dispatch (C:\Users\shrav\OneDrive\Desktop\HIS Quasar\HIS_Quasar\hospital-his-backend\node_modules\express\lib\router\route.js:119:3)
    at Layer.handle [as handle_request] (C:\Users\shrav\OneDrive\Desktop\HIS Quasar\HIS_Quasar\hospital-his-backend\node_modules\express\lib\router\layer.js:95:5)
    at C:\Users\shrav\OneDrive\Desktop\HIS Quasar\HIS_Quasar\hospital-his-backend\node_modules\express\lib\router\index.js:284:15
    at router.process_params (C:\Users\shrav\OneDrive\Desktop\HIS Quasar\HIS_Quasar\hospital-his-backend\node_modules\express\lib\router\index.js:346:12)
    at next (C:\Users\shrav\OneDrive\Desktop\HIS Quasar\HIS_Quasar\hospital-his-backend\node_modules\express\lib\router\index.js:280:10)
    at C:\Users\shrav\OneDrive\Desktop\HIS Quasar\HIS_Quasar\hospital-his-backend\middleware\auth.middleware.js:46:9
    at process.processTicksAndRejections (node:internal/process/task_queues:103:5)
2026-01-20 21:50:51 [ERROR]: Surgery validation failed: surgeryNumber: Path `surgeryNumber` is required.
ValidationError: Surgery validation failed: surgeryNumber: Path `surgeryNumber` is required.
    at Document.invalidate (C:\Users\shrav\OneDrive\Desktop\HIS Quasar\HIS_Quasar\hospital-his-backend\node_modules\mongoose\lib\document.js:3221:32)
    at C:\Users\shrav\OneDrive\Desktop\HIS Quasar\HIS_Quasar\hospital-his-backend\node_modules\mongoose\lib\document.js:3014:17
    at C:\Users\shrav\OneDrive\Desktop\HIS Quasar\HIS_Quasar\hospital-his-backend\node_modules\mongoose\lib\schematype.js:1368:9
    at process.processTicksAndRejections (node:internal/process/task_queues:84:11)
2026-01-20 21:50:53 [ERROR]: Surgery validation failed: surgeryNumber: Path `surgeryNumber` is required.
ValidationError: Surgery validation failed: surgeryNumber: Path `surgeryNumber` is required.
    at Document.invalidate (C:\Users\shrav\OneDrive\Desktop\HIS Quasar\HIS_Quasar\hospital-his-backend\node_modules\mongoose\lib\document.js:3221:32)
    at C:\Users\shrav\OneDrive\Desktop\HIS Quasar\HIS_Quasar\hospital-his-backend\node_modules\mongoose\lib\document.js:3014:17
    at C:\Users\shrav\OneDrive\Desktop\HIS Quasar\HIS_Quasar\hospital-his-backend\node_modules\mongoose\lib\schematype.js:1368:9
    at process.processTicksAndRejections (node:internal/process/task_queues:84:11)
2026-01-20 21:50:54 [ERROR]: Surgery validation failed: surgeryNumber: Path `surgeryNumber` is required.
ValidationError: Surgery validation failed: surgeryNumber: Path `surgeryNumber` is required.
    at Document.invalidate (C:\Users\shrav\OneDrive\Desktop\HIS Quasar\HIS_Quasar\hospital-his-backend\node_modules\mongoose\lib\document.js:3221:32)
    at C:\Users\shrav\OneDrive\Desktop\HIS Quasar\HIS_Quasar\hospital-his-backend\node_modules\mongoose\lib\document.js:3014:17
    at C:\Users\shrav\OneDrive\Desktop\HIS Quasar\HIS_Quasar\hospital-his-backend\node_modules\mongoose\lib\schematype.js:1368:9
    at process.processTicksAndRejections (node:internal/process/task_queues:84:11)
2026-01-20 21:50:54 [ERROR]: Surgery validation failed: surgeryNumber: Path `surgeryNumber` is required.
ValidationError: Surgery validation failed: surgeryNumber: Path `surgeryNumber` is required.
    at Document.invalidate (C:\Users\shrav\OneDrive\Desktop\HIS Quasar\HIS_Quasar\hospital-his-backend\node_modules\mongoose\lib\document.js:3221:32)
    at C:\Users\shrav\OneDrive\Desktop\HIS Quasar\HIS_Quasar\hospital-his-backend\node_modules\mongoose\lib\document.js:3014:17
    at C:\Users\shrav\OneDrive\Desktop\HIS Quasar\HIS_Quasar\hospital-his-backend\node_modules\mongoose\lib\schematype.js:1368:9
    at process.processTicksAndRejections (node:internal/process/task_queues:84:11)
2026-01-20 21:51:02 [ERROR]: Surgery validation failed: surgeryNumber: Path `surgeryNumber` is required.
ValidationError: Surgery validation failed: surgeryNumber: Path `surgeryNumber` is required.
    at Document.invalidate (C:\Users\shrav\OneDrive\Desktop\HIS Quasar\HIS_Quasar\hospital-his-backend\node_modules\mongoose\lib\document.js:3221:32)
    at C:\Users\shrav\OneDrive\Desktop\HIS Quasar\HIS_Quasar\hospital-his-backend\node_modules\mongoose\lib\document.js:3014:17
    at C:\Users\shrav\OneDrive\Desktop\HIS Quasar\HIS_Quasar\hospital-his-backend\node_modules\mongoose\lib\schematype.js:1368:9
    at process.processTicksAndRejections (node:internal/process/task_queues:84:11)
2026-01-20 21:51:03 [ERROR]: Surgery validation failed: surgeryNumber: Path `surgeryNumber` is required.
ValidationError: Surgery validation failed: surgeryNumber: Path `surgeryNumber` is required.
    at Document.invalidate (C:\Users\shrav\OneDrive\Desktop\HIS Quasar\HIS_Quasar\hospital-his-backend\node_modules\mongoose\lib\document.js:3221:32)
    at C:\Users\shrav\OneDrive\Desktop\HIS Quasar\HIS_Quasar\hospital-his-backend\node_modules\mongoose\lib\document.js:3014:17
    at C:\Users\shrav\OneDrive\Desktop\HIS Quasar\HIS_Quasar\hospital-his-backend\node_modules\mongoose\lib\schematype.js:1368:9
    at process.processTicksAndRejections (node:internal/process/task_queues:84:11)
2026-01-20 21:51:03 [ERROR]: Surgery validation failed: surgeryNumber: Path `surgeryNumber` is required.
ValidationError: Surgery validation failed: surgeryNumber: Path `surgeryNumber` is required.
    at Document.invalidate (C:\Users\shrav\OneDrive\Desktop\HIS Quasar\HIS_Quasar\hospital-his-backend\node_modules\mongoose\lib\document.js:3221:32)
    at C:\Users\shrav\OneDrive\Desktop\HIS Quasar\HIS_Quasar\hospital-his-backend\node_modules\mongoose\lib\document.js:3014:17
    at C:\Users\shrav\OneDrive\Desktop\HIS Quasar\HIS_Quasar\hospital-his-backend\node_modules\mongoose\lib\schematype.js:1368:9
    at process.processTicksAndRejections (node:internal/process/task_queues:84:11)
2026-01-20 21:51:04 [ERROR]: Surgery validation failed: surgeryNumber: Path `surgeryNumber` is required.
ValidationError: Surgery validation failed: surgeryNumber: Path `surgeryNumber` is required.
    at Document.invalidate (C:\Users\shrav\OneDrive\Desktop\HIS Quasar\HIS_Quasar\hospital-his-backend\node_modules\mongoose\lib\document.js:3221:32)
    at C:\Users\shrav\OneDrive\Desktop\HIS Quasar\HIS_Quasar\hospital-his-backend\node_modules\mongoose\lib\document.js:3014:17
    at C:\Users\shrav\OneDrive\Desktop\HIS Quasar\HIS_Quasar\hospital-his-backend\node_modules\mongoose\lib\schematype.js:1368:9
    at process.processTicksAndRejections (node:internal/process/task_queues:84:11)
2026-01-20 21:51:05 [ERROR]: Surgery validation failed: surgeryNumber: Path `surgeryNumber` is required.
ValidationError: Surgery validation failed: surgeryNumber: Path `surgeryNumber` is required.
    at Document.invalidate (C:\Users\shrav\OneDrive\Desktop\HIS Quasar\HIS_Quasar\hospital-his-backend\node_modules\mongoose\lib\document.js:3221:32)
    at C:\Users\shrav\OneDrive\Desktop\HIS Quasar\HIS_Quasar\hospital-his-backend\node_modules\mongoose\lib\document.js:3014:17
    at C:\Users\shrav\OneDrive\Desktop\HIS Quasar\HIS_Quasar\hospital-his-backend\node_modules\mongoose\lib\schematype.js:1368:9
    at process.processTicksAndRejections (node:internal/process/task_queues:84:11)
2026-01-20 21:51:05 [ERROR]: Surgery validation failed: surgeryNumber: Path `surgeryNumber` is required.
ValidationError: Surgery validation failed: surgeryNumber: Path `surgeryNumber` is required.
    at Document.invalidate (C:\Users\shrav\OneDrive\Desktop\HIS Quasar\HIS_Quasar\hospital-his-backend\node_modules\mongoose\lib\document.js:3221:32)
    at C:\Users\shrav\OneDrive\Desktop\HIS Quasar\HIS_Quasar\hospital-his-backend\node_modules\mongoose\lib\document.js:3014:17
    at C:\Users\shrav\OneDrive\Desktop\HIS Quasar\HIS_Quasar\hospital-his-backend\node_modules\mongoose\lib\schematype.js:1368:9
    at process.processTicksAndRejections (node:internal/process/task_queues:84:11)
2026-01-20 21:51:06 [ERROR]: Surgery validation failed: surgeryNumber: Path `surgeryNumber` is required.
ValidationError: Surgery validation failed: surgeryNumber: Path `surgeryNumber` is required.
    at Document.invalidate (C:\Users\shrav\OneDrive\Desktop\HIS Quasar\HIS_Quasar\hospital-his-backend\node_modules\mongoose\lib\document.js:3221:32)
    at C:\Users\shrav\OneDrive\Desktop\HIS Quasar\HIS_Quasar\hospital-his-backend\node_modules\mongoose\lib\document.js:3014:17
    at C:\Users\shrav\OneDrive\Desktop\HIS Quasar\HIS_Quasar\hospital-his-backend\node_modules\mongoose\lib\schematype.js:1368:9
    at process.processTicksAndRejections (node:internal/process/task_queues:84:11)
2026-01-20 21:51:08 [ERROR]: Surgery validation failed: surgeryNumber: Path `surgeryNumber` is required.
ValidationError: Surgery validation failed: surgeryNumber: Path `surgeryNumber` is required.
    at Document.invalidate (C:\Users\shrav\OneDrive\Desktop\HIS Quasar\HIS_Quasar\hospital-his-backend\node_modules\mongoose\lib\document.js:3221:32)
    at C:\Users\shrav\OneDrive\Desktop\HIS Quasar\HIS_Quasar\hospital-his-backend\node_modules\mongoose\lib\document.js:3014:17
    at C:\Users\shrav\OneDrive\Desktop\HIS Quasar\HIS_Quasar\hospital-his-backend\node_modules\mongoose\lib\schematype.js:1368:9
    at process.processTicksAndRejections (node:internal/process/task_queues:84:11)
2026-01-20 21:51:18 [ERROR]: Surgery validation failed: surgeryNumber: Path `surgeryNumber` is required.
ValidationError: Surgery validation failed: surgeryNumber: Path `surgeryNumber` is required.
    at Document.invalidate (C:\Users\shrav\OneDrive\Desktop\HIS Quasar\HIS_Quasar\hospital-his-backend\node_modules\mongoose\lib\document.js:3221:32)
    at C:\Users\shrav\OneDrive\Desktop\HIS Quasar\HIS_Quasar\hospital-his-backend\node_modules\mongoose\lib\document.js:3014:17
    at C:\Users\shrav\OneDrive\Desktop\HIS Quasar\HIS_Quasar\hospital-his-backend\node_modules\mongoose\lib\schematype.js:1368:9
    at process.processTicksAndRejections (node:internal/process/task_queues:84:11)
2026-01-20 22:00:34 [ERROR]: User role 'doctor' is not authorized to access this route
Error: User role 'doctor' is not authorized to access this route
    at C:\Users\shrav\OneDrive\Desktop\HIS Quasar\HIS_Quasar\hospital-his-backend\middleware\rbac.middleware.js:21:17
    at Layer.handle [as handle_request] (C:\Users\shrav\OneDrive\Desktop\HIS Quasar\HIS_Quasar\hospital-his-backend\node_modules\express\lib\router\layer.js:95:5)
    at next (C:\Users\shrav\OneDrive\Desktop\HIS Quasar\HIS_Quasar\hospital-his-backend\node_modules\express\lib\router\route.js:149:13)
    at Route.dispatch (C:\Users\shrav\OneDrive\Desktop\HIS Quasar\HIS_Quasar\hospital-his-backend\node_modules\express\lib\router\route.js:119:3)
    at Layer.handle [as handle_request] (C:\Users\shrav\OneDrive\Desktop\HIS Quasar\HIS_Quasar\hospital-his-backend\node_modules\express\lib\router\layer.js:95:5)
    at C:\Users\shrav\OneDrive\Desktop\HIS Quasar\HIS_Quasar\hospital-his-backend\node_modules\express\lib\router\index.js:284:15
    at router.process_params (C:\Users\shrav\OneDrive\Desktop\HIS Quasar\HIS_Quasar\hospital-his-backend\node_modules\express\lib\router\index.js:346:12)
    at next (C:\Users\shrav\OneDrive\Desktop\HIS Quasar\HIS_Quasar\hospital-his-backend\node_modules\express\lib\router\index.js:280:10)
    at C:\Users\shrav\OneDrive\Desktop\HIS Quasar\HIS_Quasar\hospital-his-backend\middleware\auth.middleware.js:46:9
    at process.processTicksAndRejections (node:internal/process/task_queues:103:5)
2026-01-20 22:00:34 [ERROR]: User role 'doctor' is not authorized to access this route
Error: User role 'doctor' is not authorized to access this route
    at C:\Users\shrav\OneDrive\Desktop\HIS Quasar\HIS_Quasar\hospital-his-backend\middleware\rbac.middleware.js:21:17
    at Layer.handle [as handle_request] (C:\Users\shrav\OneDrive\Desktop\HIS Quasar\HIS_Quasar\hospital-his-backend\node_modules\express\lib\router\layer.js:95:5)
    at next (C:\Users\shrav\OneDrive\Desktop\HIS Quasar\HIS_Quasar\hospital-his-backend\node_modules\express\lib\router\route.js:149:13)
    at Route.dispatch (C:\Users\shrav\OneDrive\Desktop\HIS Quasar\HIS_Quasar\hospital-his-backend\node_modules\express\lib\router\route.js:119:3)
    at Layer.handle [as handle_request] (C:\Users\shrav\OneDrive\Desktop\HIS Quasar\HIS_Quasar\hospital-his-backend\node_modules\express\lib\router\layer.js:95:5)
    at C:\Users\shrav\OneDrive\Desktop\HIS Quasar\HIS_Quasar\hospital-his-backend\node_modules\express\lib\router\index.js:284:15
    at router.process_params (C:\Users\shrav\OneDrive\Desktop\HIS Quasar\HIS_Quasar\hospital-his-backend\node_modules\express\lib\router\index.js:346:12)
    at next (C:\Users\shrav\OneDrive\Desktop\HIS Quasar\HIS_Quasar\hospital-his-backend\node_modules\express\lib\router\index.js:280:10)
    at C:\Users\shrav\OneDrive\Desktop\HIS Quasar\HIS_Quasar\hospital-his-backend\middleware\auth.middleware.js:46:9
    at process.processTicksAndRejections (node:internal/process/task_queues:103:5)
2026-01-20 22:00:34 [ERROR]: User role 'doctor' is not authorized to access this route
Error: User role 'doctor' is not authorized to access this route
    at C:\Users\shrav\OneDrive\Desktop\HIS Quasar\HIS_Quasar\hospital-his-backend\middleware\rbac.middleware.js:21:17
    at Layer.handle [as handle_request] (C:\Users\shrav\OneDrive\Desktop\HIS Quasar\HIS_Quasar\hospital-his-backend\node_modules\express\lib\router\layer.js:95:5)
    at next (C:\Users\shrav\OneDrive\Desktop\HIS Quasar\HIS_Quasar\hospital-his-backend\node_modules\express\lib\router\route.js:149:13)
    at Route.dispatch (C:\Users\shrav\OneDrive\Desktop\HIS Quasar\HIS_Quasar\hospital-his-backend\node_modules\express\lib\router\route.js:119:3)
    at Layer.handle [as handle_request] (C:\Users\shrav\OneDrive\Desktop\HIS Quasar\HIS_Quasar\hospital-his-backend\node_modules\express\lib\router\layer.js:95:5)
    at C:\Users\shrav\OneDrive\Desktop\HIS Quasar\HIS_Quasar\hospital-his-backend\node_modules\express\lib\router\index.js:284:15
    at router.process_params (C:\Users\shrav\OneDrive\Desktop\HIS Quasar\HIS_Quasar\hospital-his-backend\node_modules\express\lib\router\index.js:346:12)
    at next (C:\Users\shrav\OneDrive\Desktop\HIS Quasar\HIS_Quasar\hospital-his-backend\node_modules\express\lib\router\index.js:280:10)
    at C:\Users\shrav\OneDrive\Desktop\HIS Quasar\HIS_Quasar\hospital-his-backend\middleware\auth.middleware.js:46:9
    at process.processTicksAndRejections (node:internal/process/task_queues:103:5)
2026-01-20 22:00:34 [ERROR]: User role 'doctor' is not authorized to access this route
Error: User role 'doctor' is not authorized to access this route
    at C:\Users\shrav\OneDrive\Desktop\HIS Quasar\HIS_Quasar\hospital-his-backend\middleware\rbac.middleware.js:21:17
    at Layer.handle [as handle_request] (C:\Users\shrav\OneDrive\Desktop\HIS Quasar\HIS_Quasar\hospital-his-backend\node_modules\express\lib\router\layer.js:95:5)
    at next (C:\Users\shrav\OneDrive\Desktop\HIS Quasar\HIS_Quasar\hospital-his-backend\node_modules\express\lib\router\route.js:149:13)
    at Route.dispatch (C:\Users\shrav\OneDrive\Desktop\HIS Quasar\HIS_Quasar\hospital-his-backend\node_modules\express\lib\router\route.js:119:3)
    at Layer.handle [as handle_request] (C:\Users\shrav\OneDrive\Desktop\HIS Quasar\HIS_Quasar\hospital-his-backend\node_modules\express\lib\router\layer.js:95:5)
    at C:\Users\shrav\OneDrive\Desktop\HIS Quasar\HIS_Quasar\hospital-his-backend\node_modules\express\lib\router\index.js:284:15
    at router.process_params (C:\Users\shrav\OneDrive\Desktop\HIS Quasar\HIS_Quasar\hospital-his-backend\node_modules\express\lib\router\index.js:346:12)
    at next (C:\Users\shrav\OneDrive\Desktop\HIS Quasar\HIS_Quasar\hospital-his-backend\node_modules\express\lib\router\index.js:280:10)
    at C:\Users\shrav\OneDrive\Desktop\HIS Quasar\HIS_Quasar\hospital-his-backend\middleware\auth.middleware.js:46:9
    at process.processTicksAndRejections (node:internal/process/task_queues:103:5)
2026-01-20 22:06:35 [ERROR]: Invalid credentials
Error: Invalid credentials
    at C:\Users\shrav\OneDrive\Desktop\HIS Quasar\HIS_Quasar\hospital-his-backend\controllers\auth.controller.js:24:21
    at process.processTicksAndRejections (node:internal/process/task_queues:103:5)
2026-01-20 22:08:20 [ERROR]: User role 'nurse' is not authorized to access this route
Error: User role 'nurse' is not authorized to access this route
    at C:\Users\shrav\OneDrive\Desktop\HIS Quasar\HIS_Quasar\hospital-his-backend\middleware\rbac.middleware.js:21:17
    at Layer.handle [as handle_request] (C:\Users\shrav\OneDrive\Desktop\HIS Quasar\HIS_Quasar\hospital-his-backend\node_modules\express\lib\router\layer.js:95:5)
    at next (C:\Users\shrav\OneDrive\Desktop\HIS Quasar\HIS_Quasar\hospital-his-backend\node_modules\express\lib\router\route.js:149:13)
    at Route.dispatch (C:\Users\shrav\OneDrive\Desktop\HIS Quasar\HIS_Quasar\hospital-his-backend\node_modules\express\lib\router\route.js:119:3)
    at Layer.handle [as handle_request] (C:\Users\shrav\OneDrive\Desktop\HIS Quasar\HIS_Quasar\hospital-his-backend\node_modules\express\lib\router\layer.js:95:5)
    at C:\Users\shrav\OneDrive\Desktop\HIS Quasar\HIS_Quasar\hospital-his-backend\node_modules\express\lib\router\index.js:284:15
    at router.process_params (C:\Users\shrav\OneDrive\Desktop\HIS Quasar\HIS_Quasar\hospital-his-backend\node_modules\express\lib\router\index.js:346:12)
    at next (C:\Users\shrav\OneDrive\Desktop\HIS Quasar\HIS_Quasar\hospital-his-backend\node_modules\express\lib\router\index.js:280:10)
    at C:\Users\shrav\OneDrive\Desktop\HIS Quasar\HIS_Quasar\hospital-his-backend\middleware\auth.middleware.js:46:9
    at process.processTicksAndRejections (node:internal/process/task_queues:103:5)
2026-01-20 22:08:20 [ERROR]: User role 'nurse' is not authorized to access this route
Error: User role 'nurse' is not authorized to access this route
    at C:\Users\shrav\OneDrive\Desktop\HIS Quasar\HIS_Quasar\hospital-his-backend\middleware\rbac.middleware.js:21:17
    at Layer.handle [as handle_request] (C:\Users\shrav\OneDrive\Desktop\HIS Quasar\HIS_Quasar\hospital-his-backend\node_modules\express\lib\router\layer.js:95:5)
    at next (C:\Users\shrav\OneDrive\Desktop\HIS Quasar\HIS_Quasar\hospital-his-backend\node_modules\express\lib\router\route.js:149:13)
    at Route.dispatch (C:\Users\shrav\OneDrive\Desktop\HIS Quasar\HIS_Quasar\hospital-his-backend\node_modules\express\lib\router\route.js:119:3)
    at Layer.handle [as handle_request] (C:\Users\shrav\OneDrive\Desktop\HIS Quasar\HIS_Quasar\hospital-his-backend\node_modules\express\lib\router\layer.js:95:5)
    at C:\Users\shrav\OneDrive\Desktop\HIS Quasar\HIS_Quasar\hospital-his-backend\node_modules\express\lib\router\index.js:284:15
    at router.process_params (C:\Users\shrav\OneDrive\Desktop\HIS Quasar\HIS_Quasar\hospital-his-backend\node_modules\express\lib\router\index.js:346:12)
    at next (C:\Users\shrav\OneDrive\Desktop\HIS Quasar\HIS_Quasar\hospital-his-backend\node_modules\express\lib\router\index.js:280:10)
    at C:\Users\shrav\OneDrive\Desktop\HIS Quasar\HIS_Quasar\hospital-his-backend\middleware\auth.middleware.js:46:9
    at process.processTicksAndRejections (node:internal/process/task_queues:103:5)
2026-01-20 22:39:29 [ERROR]: User role 'nurse' is not authorized to access this route
Error: User role 'nurse' is not authorized to access this route
    at C:\Users\shrav\OneDrive\Desktop\HIS Quasar\HIS_Quasar\hospital-his-backend\middleware\rbac.middleware.js:21:17
    at Layer.handle [as handle_request] (C:\Users\shrav\OneDrive\Desktop\HIS Quasar\HIS_Quasar\hospital-his-backend\node_modules\express\lib\router\layer.js:95:5)
    at next (C:\Users\shrav\OneDrive\Desktop\HIS Quasar\HIS_Quasar\hospital-his-backend\node_modules\express\lib\router\route.js:149:13)
    at Route.dispatch (C:\Users\shrav\OneDrive\Desktop\HIS Quasar\HIS_Quasar\hospital-his-backend\node_modules\express\lib\router\route.js:119:3)
    at Layer.handle [as handle_request] (C:\Users\shrav\OneDrive\Desktop\HIS Quasar\HIS_Quasar\hospital-his-backend\node_modules\express\lib\router\layer.js:95:5)
    at C:\Users\shrav\OneDrive\Desktop\HIS Quasar\HIS_Quasar\hospital-his-backend\node_modules\express\lib\router\index.js:284:15
    at router.process_params (C:\Users\shrav\OneDrive\Desktop\HIS Quasar\HIS_Quasar\hospital-his-backend\node_modules\express\lib\router\index.js:346:12)
    at next (C:\Users\shrav\OneDrive\Desktop\HIS Quasar\HIS_Quasar\hospital-his-backend\node_modules\express\lib\router\index.js:280:10)
    at C:\Users\shrav\OneDrive\Desktop\HIS Quasar\HIS_Quasar\hospital-his-backend\middleware\auth.middleware.js:46:9
    at process.processTicksAndRejections (node:internal/process/task_queues:103:5)
2026-01-20 22:39:30 [ERROR]: User role 'nurse' is not authorized to access this route
Error: User role 'nurse' is not authorized to access this route
    at C:\Users\shrav\OneDrive\Desktop\HIS Quasar\HIS_Quasar\hospital-his-backend\middleware\rbac.middleware.js:21:17
    at Layer.handle [as handle_request] (C:\Users\shrav\OneDrive\Desktop\HIS Quasar\HIS_Quasar\hospital-his-backend\node_modules\express\lib\router\layer.js:95:5)
    at next (C:\Users\shrav\OneDrive\Desktop\HIS Quasar\HIS_Quasar\hospital-his-backend\node_modules\express\lib\router\route.js:149:13)
    at Route.dispatch (C:\Users\shrav\OneDrive\Desktop\HIS Quasar\HIS_Quasar\hospital-his-backend\node_modules\express\lib\router\route.js:119:3)
    at Layer.handle [as handle_request] (C:\Users\shrav\OneDrive\Desktop\HIS Quasar\HIS_Quasar\hospital-his-backend\node_modules\express\lib\router\layer.js:95:5)
    at C:\Users\shrav\OneDrive\Desktop\HIS Quasar\HIS_Quasar\hospital-his-backend\node_modules\express\lib\router\index.js:284:15
    at router.process_params (C:\Users\shrav\OneDrive\Desktop\HIS Quasar\HIS_Quasar\hospital-his-backend\node_modules\express\lib\router\index.js:346:12)
    at next (C:\Users\shrav\OneDrive\Desktop\HIS Quasar\HIS_Quasar\hospital-his-backend\node_modules\express\lib\router\index.js:280:10)
    at C:\Users\shrav\OneDrive\Desktop\HIS Quasar\HIS_Quasar\hospital-his-backend\middleware\auth.middleware.js:46:9
    at process.processTicksAndRejections (node:internal/process/task_queues:103:5)
2026-01-20 22:39:32 [ERROR]: User role 'nurse' is not authorized to access this route
Error: User role 'nurse' is not authorized to access this route
    at C:\Users\shrav\OneDrive\Desktop\HIS Quasar\HIS_Quasar\hospital-his-backend\middleware\rbac.middleware.js:21:17
    at Layer.handle [as handle_request] (C:\Users\shrav\OneDrive\Desktop\HIS Quasar\HIS_Quasar\hospital-his-backend\node_modules\express\lib\router\layer.js:95:5)
    at next (C:\Users\shrav\OneDrive\Desktop\HIS Quasar\HIS_Quasar\hospital-his-backend\node_modules\express\lib\router\route.js:149:13)
    at Route.dispatch (C:\Users\shrav\OneDrive\Desktop\HIS Quasar\HIS_Quasar\hospital-his-backend\node_modules\express\lib\router\route.js:119:3)
    at Layer.handle [as handle_request] (C:\Users\shrav\OneDrive\Desktop\HIS Quasar\HIS_Quasar\hospital-his-backend\node_modules\express\lib\router\layer.js:95:5)
    at C:\Users\shrav\OneDrive\Desktop\HIS Quasar\HIS_Quasar\hospital-his-backend\node_modules\express\lib\router\index.js:284:15
    at router.process_params (C:\Users\shrav\OneDrive\Desktop\HIS Quasar\HIS_Quasar\hospital-his-backend\node_modules\express\lib\router\index.js:346:12)
    at next (C:\Users\shrav\OneDrive\Desktop\HIS Quasar\HIS_Quasar\hospital-his-backend\node_modules\express\lib\router\index.js:280:10)
    at C:\Users\shrav\OneDrive\Desktop\HIS Quasar\HIS_Quasar\hospital-his-backend\middleware\auth.middleware.js:46:9
    at process.processTicksAndRejections (node:internal/process/task_queues:103:5)
2026-01-20 22:39:32 [ERROR]: User role 'nurse' is not authorized to access this route
Error: User role 'nurse' is not authorized to access this route
    at C:\Users\shrav\OneDrive\Desktop\HIS Quasar\HIS_Quasar\hospital-his-backend\middleware\rbac.middleware.js:21:17
    at Layer.handle [as handle_request] (C:\Users\shrav\OneDrive\Desktop\HIS Quasar\HIS_Quasar\hospital-his-backend\node_modules\express\lib\router\layer.js:95:5)
    at next (C:\Users\shrav\OneDrive\Desktop\HIS Quasar\HIS_Quasar\hospital-his-backend\node_modules\express\lib\router\route.js:149:13)
    at Route.dispatch (C:\Users\shrav\OneDrive\Desktop\HIS Quasar\HIS_Quasar\hospital-his-backend\node_modules\express\lib\router\route.js:119:3)
    at Layer.handle [as handle_request] (C:\Users\shrav\OneDrive\Desktop\HIS Quasar\HIS_Quasar\hospital-his-backend\node_modules\express\lib\router\layer.js:95:5)
    at C:\Users\shrav\OneDrive\Desktop\HIS Quasar\HIS_Quasar\hospital-his-backend\node_modules\express\lib\router\index.js:284:15
    at router.process_params (C:\Users\shrav\OneDrive\Desktop\HIS Quasar\HIS_Quasar\hospital-his-backend\node_modules\express\lib\router\index.js:346:12)
    at next (C:\Users\shrav\OneDrive\Desktop\HIS Quasar\HIS_Quasar\hospital-his-backend\node_modules\express\lib\router\index.js:280:10)
    at C:\Users\shrav\OneDrive\Desktop\HIS Quasar\HIS_Quasar\hospital-his-backend\middleware\auth.middleware.js:46:9
    at process.processTicksAndRejections (node:internal/process/task_queues:103:5)
2026-01-20 22:40:51 [ERROR]: Surgery validation failed: preOpAssessment.asaGrade: `` is not a valid enum value for path `asaGrade`.
ValidationError: Surgery validation failed: preOpAssessment.asaGrade: `` is not a valid enum value for path `asaGrade`.
    at Document.invalidate (C:\Users\shrav\OneDrive\Desktop\HIS Quasar\HIS_Quasar\hospital-his-backend\node_modules\mongoose\lib\document.js:3221:32)
    at Subdocument.invalidate (C:\Users\shrav\OneDrive\Desktop\HIS Quasar\HIS_Quasar\hospital-his-backend\node_modules\mongoose\lib\types\subdocument.js:229:12)
    at C:\Users\shrav\OneDrive\Desktop\HIS Quasar\HIS_Quasar\hospital-his-backend\node_modules\mongoose\lib\document.js:3014:17
    at C:\Users\shrav\OneDrive\Desktop\HIS Quasar\HIS_Quasar\hospital-his-backend\node_modules\mongoose\lib\schematype.js:1368:9
    at process.processTicksAndRejections (node:internal/process/task_queues:84:11)
2026-01-20 22:49:59 [ERROR]: Surgery validation failed: infectionControl.antibioticProphylaxis.timeGiven: Cast to date failed for value "04:04" (type string) at path "antibioticProphylaxis.timeGiven", infectionControl.ssiRiskCategory: `` is not a valid enum value for path `ssiRiskCategory`.
ValidationError: Surgery validation failed: infectionControl.antibioticProphylaxis.timeGiven: Cast to date failed for value "04:04" (type string) at path "antibioticProphylaxis.timeGiven", infectionControl.ssiRiskCategory: `` is not a valid enum value for path `ssiRiskCategory`.
    at Document.invalidate (C:\Users\shrav\OneDrive\Desktop\HIS Quasar\HIS_Quasar\hospital-his-backend\node_modules\mongoose\lib\document.js:3221:32)
    at Subdocument.invalidate (C:\Users\shrav\OneDrive\Desktop\HIS Quasar\HIS_Quasar\hospital-his-backend\node_modules\mongoose\lib\types\subdocument.js:229:12)
    at SingleNested.$set (C:\Users\shrav\OneDrive\Desktop\HIS Quasar\HIS_Quasar\hospital-his-backend\node_modules\mongoose\lib\document.js:1466:12)
    at SingleNested.$set (C:\Users\shrav\OneDrive\Desktop\HIS Quasar\HIS_Quasar\hospital-his-backend\node_modules\mongoose\lib\document.js:1216:14)
    at SingleNested.$set (C:\Users\shrav\OneDrive\Desktop\HIS Quasar\HIS_Quasar\hospital-his-backend\node_modules\mongoose\lib\document.js:1106:14)
    at SingleNested.Document (C:\Users\shrav\OneDrive\Desktop\HIS Quasar\HIS_Quasar\hospital-his-backend\node_modules\mongoose\lib\document.js:167:12)
    at SingleNested.Subdocument (C:\Users\shrav\OneDrive\Desktop\HIS Quasar\HIS_Quasar\hospital-his-backend\node_modules\mongoose\lib\types\subdocument.js:34:12)
    at new SingleNested (C:\Users\shrav\OneDrive\Desktop\HIS Quasar\HIS_Quasar\hospital-his-backend\node_modules\mongoose\lib\schema\SubdocumentPath.js:78:17)
    at SubdocumentPath.cast (C:\Users\shrav\OneDrive\Desktop\HIS Quasar\HIS_Quasar\hospital-his-backend\node_modules\mongoose\lib\schema\SubdocumentPath.js:193:12)
    at SchemaType.applySetters (C:\Users\shrav\OneDrive\Desktop\HIS Quasar\HIS_Quasar\hospital-his-backend\node_modules\mongoose\lib\schematype.js:1219:12)
2026-01-20 22:50:00 [ERROR]: Surgery validation failed: infectionControl.antibioticProphylaxis.timeGiven: Cast to date failed for value "04:04" (type string) at path "antibioticProphylaxis.timeGiven", infectionControl.ssiRiskCategory: `` is not a valid enum value for path `ssiRiskCategory`.
ValidationError: Surgery validation failed: infectionControl.antibioticProphylaxis.timeGiven: Cast to date failed for value "04:04" (type string) at path "antibioticProphylaxis.timeGiven", infectionControl.ssiRiskCategory: `` is not a valid enum value for path `ssiRiskCategory`.
    at Document.invalidate (C:\Users\shrav\OneDrive\Desktop\HIS Quasar\HIS_Quasar\hospital-his-backend\node_modules\mongoose\lib\document.js:3221:32)
    at Subdocument.invalidate (C:\Users\shrav\OneDrive\Desktop\HIS Quasar\HIS_Quasar\hospital-his-backend\node_modules\mongoose\lib\types\subdocument.js:229:12)
    at SingleNested.$set (C:\Users\shrav\OneDrive\Desktop\HIS Quasar\HIS_Quasar\hospital-his-backend\node_modules\mongoose\lib\document.js:1466:12)
    at SingleNested.$set (C:\Users\shrav\OneDrive\Desktop\HIS Quasar\HIS_Quasar\hospital-his-backend\node_modules\mongoose\lib\document.js:1216:14)
    at SingleNested.$set (C:\Users\shrav\OneDrive\Desktop\HIS Quasar\HIS_Quasar\hospital-his-backend\node_modules\mongoose\lib\document.js:1106:14)
    at SingleNested.Document (C:\Users\shrav\OneDrive\Desktop\HIS Quasar\HIS_Quasar\hospital-his-backend\node_modules\mongoose\lib\document.js:167:12)
    at SingleNested.Subdocument (C:\Users\shrav\OneDrive\Desktop\HIS Quasar\HIS_Quasar\hospital-his-backend\node_modules\mongoose\lib\types\subdocument.js:34:12)
    at new SingleNested (C:\Users\shrav\OneDrive\Desktop\HIS Quasar\HIS_Quasar\hospital-his-backend\node_modules\mongoose\lib\schema\SubdocumentPath.js:78:17)
    at SubdocumentPath.cast (C:\Users\shrav\OneDrive\Desktop\HIS Quasar\HIS_Quasar\hospital-his-backend\node_modules\mongoose\lib\schema\SubdocumentPath.js:193:12)
    at SchemaType.applySetters (C:\Users\shrav\OneDrive\Desktop\HIS Quasar\HIS_Quasar\hospital-his-backend\node_modules\mongoose\lib\schematype.js:1219:12)
2026-01-20 22:50:07 [ERROR]: Surgery validation failed: infectionControl.antibioticProphylaxis.timeGiven: Cast to date failed for value "04:04" (type string) at path "antibioticProphylaxis.timeGiven", infectionControl.ssiRiskCategory: `` is not a valid enum value for path `ssiRiskCategory`.
ValidationError: Surgery validation failed: infectionControl.antibioticProphylaxis.timeGiven: Cast to date failed for value "04:04" (type string) at path "antibioticProphylaxis.timeGiven", infectionControl.ssiRiskCategory: `` is not a valid enum value for path `ssiRiskCategory`.
    at Document.invalidate (C:\Users\shrav\OneDrive\Desktop\HIS Quasar\HIS_Quasar\hospital-his-backend\node_modules\mongoose\lib\document.js:3221:32)
    at Subdocument.invalidate (C:\Users\shrav\OneDrive\Desktop\HIS Quasar\HIS_Quasar\hospital-his-backend\node_modules\mongoose\lib\types\subdocument.js:229:12)
    at SingleNested.$set (C:\Users\shrav\OneDrive\Desktop\HIS Quasar\HIS_Quasar\hospital-his-backend\node_modules\mongoose\lib\document.js:1466:12)
    at SingleNested.$set (C:\Users\shrav\OneDrive\Desktop\HIS Quasar\HIS_Quasar\hospital-his-backend\node_modules\mongoose\lib\document.js:1216:14)
    at SingleNested.$set (C:\Users\shrav\OneDrive\Desktop\HIS Quasar\HIS_Quasar\hospital-his-backend\node_modules\mongoose\lib\document.js:1106:14)
    at SingleNested.Document (C:\Users\shrav\OneDrive\Desktop\HIS Quasar\HIS_Quasar\hospital-his-backend\node_modules\mongoose\lib\document.js:167:12)
    at SingleNested.Subdocument (C:\Users\shrav\OneDrive\Desktop\HIS Quasar\HIS_Quasar\hospital-his-backend\node_modules\mongoose\lib\types\subdocument.js:34:12)
    at new SingleNested (C:\Users\shrav\OneDrive\Desktop\HIS Quasar\HIS_Quasar\hospital-his-backend\node_modules\mongoose\lib\schema\SubdocumentPath.js:78:17)
    at SubdocumentPath.cast (C:\Users\shrav\OneDrive\Desktop\HIS Quasar\HIS_Quasar\hospital-his-backend\node_modules\mongoose\lib\schema\SubdocumentPath.js:193:12)
    at SchemaType.applySetters (C:\Users\shrav\OneDrive\Desktop\HIS Quasar\HIS_Quasar\hospital-his-backend\node_modules\mongoose\lib\schematype.js:1219:12)
2026-01-20 22:50:08 [ERROR]: Surgery validation failed: infectionControl.antibioticProphylaxis.timeGiven: Cast to date failed for value "04:04" (type string) at path "antibioticProphylaxis.timeGiven", infectionControl.ssiRiskCategory: `` is not a valid enum value for path `ssiRiskCategory`.
ValidationError: Surgery validation failed: infectionControl.antibioticProphylaxis.timeGiven: Cast to date failed for value "04:04" (type string) at path "antibioticProphylaxis.timeGiven", infectionControl.ssiRiskCategory: `` is not a valid enum value for path `ssiRiskCategory`.
    at Document.invalidate (C:\Users\shrav\OneDrive\Desktop\HIS Quasar\HIS_Quasar\hospital-his-backend\node_modules\mongoose\lib\document.js:3221:32)
    at Subdocument.invalidate (C:\Users\shrav\OneDrive\Desktop\HIS Quasar\HIS_Quasar\hospital-his-backend\node_modules\mongoose\lib\types\subdocument.js:229:12)
    at SingleNested.$set (C:\Users\shrav\OneDrive\Desktop\HIS Quasar\HIS_Quasar\hospital-his-backend\node_modules\mongoose\lib\document.js:1466:12)
    at SingleNested.$set (C:\Users\shrav\OneDrive\Desktop\HIS Quasar\HIS_Quasar\hospital-his-backend\node_modules\mongoose\lib\document.js:1216:14)
    at SingleNested.$set (C:\Users\shrav\OneDrive\Desktop\HIS Quasar\HIS_Quasar\hospital-his-backend\node_modules\mongoose\lib\document.js:1106:14)
    at SingleNested.Document (C:\Users\shrav\OneDrive\Desktop\HIS Quasar\HIS_Quasar\hospital-his-backend\node_modules\mongoose\lib\document.js:167:12)
    at SingleNested.Subdocument (C:\Users\shrav\OneDrive\Desktop\HIS Quasar\HIS_Quasar\hospital-his-backend\node_modules\mongoose\lib\types\subdocument.js:34:12)
    at new SingleNested (C:\Users\shrav\OneDrive\Desktop\HIS Quasar\HIS_Quasar\hospital-his-backend\node_modules\mongoose\lib\schema\SubdocumentPath.js:78:17)
    at SubdocumentPath.cast (C:\Users\shrav\OneDrive\Desktop\HIS Quasar\HIS_Quasar\hospital-his-backend\node_modules\mongoose\lib\schema\SubdocumentPath.js:193:12)
    at SchemaType.applySetters (C:\Users\shrav\OneDrive\Desktop\HIS Quasar\HIS_Quasar\hospital-his-backend\node_modules\mongoose\lib\schematype.js:1219:12)
2026-01-20 22:50:09 [ERROR]: Surgery validation failed: infectionControl.antibioticProphylaxis.timeGiven: Cast to date failed for value "04:04" (type string) at path "antibioticProphylaxis.timeGiven", infectionControl.ssiRiskCategory: `` is not a valid enum value for path `ssiRiskCategory`.
ValidationError: Surgery validation failed: infectionControl.antibioticProphylaxis.timeGiven: Cast to date failed for value "04:04" (type string) at path "antibioticProphylaxis.timeGiven", infectionControl.ssiRiskCategory: `` is not a valid enum value for path `ssiRiskCategory`.
    at Document.invalidate (C:\Users\shrav\OneDrive\Desktop\HIS Quasar\HIS_Quasar\hospital-his-backend\node_modules\mongoose\lib\document.js:3221:32)
    at Subdocument.invalidate (C:\Users\shrav\OneDrive\Desktop\HIS Quasar\HIS_Quasar\hospital-his-backend\node_modules\mongoose\lib\types\subdocument.js:229:12)
    at SingleNested.$set (C:\Users\shrav\OneDrive\Desktop\HIS Quasar\HIS_Quasar\hospital-his-backend\node_modules\mongoose\lib\document.js:1466:12)
    at SingleNested.$set (C:\Users\shrav\OneDrive\Desktop\HIS Quasar\HIS_Quasar\hospital-his-backend\node_modules\mongoose\lib\document.js:1216:14)
    at SingleNested.$set (C:\Users\shrav\OneDrive\Desktop\HIS Quasar\HIS_Quasar\hospital-his-backend\node_modules\mongoose\lib\document.js:1106:14)
    at SingleNested.Document (C:\Users\shrav\OneDrive\Desktop\HIS Quasar\HIS_Quasar\hospital-his-backend\node_modules\mongoose\lib\document.js:167:12)
    at SingleNested.Subdocument (C:\Users\shrav\OneDrive\Desktop\HIS Quasar\HIS_Quasar\hospital-his-backend\node_modules\mongoose\lib\types\subdocument.js:34:12)
    at new SingleNested (C:\Users\shrav\OneDrive\Desktop\HIS Quasar\HIS_Quasar\hospital-his-backend\node_modules\mongoose\lib\schema\SubdocumentPath.js:78:17)
    at SubdocumentPath.cast (C:\Users\shrav\OneDrive\Desktop\HIS Quasar\HIS_Quasar\hospital-his-backend\node_modules\mongoose\lib\schema\SubdocumentPath.js:193:12)
    at SchemaType.applySetters (C:\Users\shrav\OneDrive\Desktop\HIS Quasar\HIS_Quasar\hospital-his-backend\node_modules\mongoose\lib\schematype.js:1219:12)
2026-01-20 22:50:38 [ERROR]: Invalid credentials
Error: Invalid credentials
    at C:\Users\shrav\OneDrive\Desktop\HIS Quasar\HIS_Quasar\hospital-his-backend\controllers\auth.controller.js:36:21
2026-01-20 22:50:39 [ERROR]: Invalid credentials
Error: Invalid credentials
    at C:\Users\shrav\OneDrive\Desktop\HIS Quasar\HIS_Quasar\hospital-his-backend\controllers\auth.controller.js:36:21
2026-01-20 22:51:00 [ERROR]: User role 'doctor' is not authorized to access this route
Error: User role 'doctor' is not authorized to access this route
    at C:\Users\shrav\OneDrive\Desktop\HIS Quasar\HIS_Quasar\hospital-his-backend\middleware\rbac.middleware.js:21:17
    at Layer.handle [as handle_request] (C:\Users\shrav\OneDrive\Desktop\HIS Quasar\HIS_Quasar\hospital-his-backend\node_modules\express\lib\router\layer.js:95:5)
    at next (C:\Users\shrav\OneDrive\Desktop\HIS Quasar\HIS_Quasar\hospital-his-backend\node_modules\express\lib\router\route.js:149:13)
    at Route.dispatch (C:\Users\shrav\OneDrive\Desktop\HIS Quasar\HIS_Quasar\hospital-his-backend\node_modules\express\lib\router\route.js:119:3)
    at Layer.handle [as handle_request] (C:\Users\shrav\OneDrive\Desktop\HIS Quasar\HIS_Quasar\hospital-his-backend\node_modules\express\lib\router\layer.js:95:5)
    at C:\Users\shrav\OneDrive\Desktop\HIS Quasar\HIS_Quasar\hospital-his-backend\node_modules\express\lib\router\index.js:284:15
    at router.process_params (C:\Users\shrav\OneDrive\Desktop\HIS Quasar\HIS_Quasar\hospital-his-backend\node_modules\express\lib\router\index.js:346:12)
    at next (C:\Users\shrav\OneDrive\Desktop\HIS Quasar\HIS_Quasar\hospital-his-backend\node_modules\express\lib\router\index.js:280:10)
    at C:\Users\shrav\OneDrive\Desktop\HIS Quasar\HIS_Quasar\hospital-his-backend\middleware\auth.middleware.js:46:9
    at process.processTicksAndRejections (node:internal/process/task_queues:103:5)
2026-01-20 22:51:00 [ERROR]: User role 'doctor' is not authorized to access this route
Error: User role 'doctor' is not authorized to access this route
    at C:\Users\shrav\OneDrive\Desktop\HIS Quasar\HIS_Quasar\hospital-his-backend\middleware\rbac.middleware.js:21:17
    at Layer.handle [as handle_request] (C:\Users\shrav\OneDrive\Desktop\HIS Quasar\HIS_Quasar\hospital-his-backend\node_modules\express\lib\router\layer.js:95:5)
    at next (C:\Users\shrav\OneDrive\Desktop\HIS Quasar\HIS_Quasar\hospital-his-backend\node_modules\express\lib\router\route.js:149:13)
    at Route.dispatch (C:\Users\shrav\OneDrive\Desktop\HIS Quasar\HIS_Quasar\hospital-his-backend\node_modules\express\lib\router\route.js:119:3)
    at Layer.handle [as handle_request] (C:\Users\shrav\OneDrive\Desktop\HIS Quasar\HIS_Quasar\hospital-his-backend\node_modules\express\lib\router\layer.js:95:5)
    at C:\Users\shrav\OneDrive\Desktop\HIS Quasar\HIS_Quasar\hospital-his-backend\node_modules\express\lib\router\index.js:284:15
    at router.process_params (C:\Users\shrav\OneDrive\Desktop\HIS Quasar\HIS_Quasar\hospital-his-backend\node_modules\express\lib\router\index.js:346:12)
    at next (C:\Users\shrav\OneDrive\Desktop\HIS Quasar\HIS_Quasar\hospital-his-backend\node_modules\express\lib\router\index.js:280:10)
    at C:\Users\shrav\OneDrive\Desktop\HIS Quasar\HIS_Quasar\hospital-his-backend\middleware\auth.middleware.js:46:9
    at process.processTicksAndRejections (node:internal/process/task_queues:103:5)
2026-01-20 22:51:00 [ERROR]: User role 'doctor' is not authorized to access this route
Error: User role 'doctor' is not authorized to access this route
    at C:\Users\shrav\OneDrive\Desktop\HIS Quasar\HIS_Quasar\hospital-his-backend\middleware\rbac.middleware.js:21:17
    at Layer.handle [as handle_request] (C:\Users\shrav\OneDrive\Desktop\HIS Quasar\HIS_Quasar\hospital-his-backend\node_modules\express\lib\router\layer.js:95:5)
    at next (C:\Users\shrav\OneDrive\Desktop\HIS Quasar\HIS_Quasar\hospital-his-backend\node_modules\express\lib\router\route.js:149:13)
    at Route.dispatch (C:\Users\shrav\OneDrive\Desktop\HIS Quasar\HIS_Quasar\hospital-his-backend\node_modules\express\lib\router\route.js:119:3)
    at Layer.handle [as handle_request] (C:\Users\shrav\OneDrive\Desktop\HIS Quasar\HIS_Quasar\hospital-his-backend\node_modules\express\lib\router\layer.js:95:5)
    at C:\Users\shrav\OneDrive\Desktop\HIS Quasar\HIS_Quasar\hospital-his-backend\node_modules\express\lib\router\index.js:284:15
    at router.process_params (C:\Users\shrav\OneDrive\Desktop\HIS Quasar\HIS_Quasar\hospital-his-backend\node_modules\express\lib\router\index.js:346:12)
    at next (C:\Users\shrav\OneDrive\Desktop\HIS Quasar\HIS_Quasar\hospital-his-backend\node_modules\express\lib\router\index.js:280:10)
    at C:\Users\shrav\OneDrive\Desktop\HIS Quasar\HIS_Quasar\hospital-his-backend\middleware\auth.middleware.js:46:9
    at process.processTicksAndRejections (node:internal/process/task_queues:103:5)
2026-01-20 22:51:00 [ERROR]: User role 'doctor' is not authorized to access this route
Error: User role 'doctor' is not authorized to access this route
    at C:\Users\shrav\OneDrive\Desktop\HIS Quasar\HIS_Quasar\hospital-his-backend\middleware\rbac.middleware.js:21:17
    at Layer.handle [as handle_request] (C:\Users\shrav\OneDrive\Desktop\HIS Quasar\HIS_Quasar\hospital-his-backend\node_modules\express\lib\router\layer.js:95:5)
    at next (C:\Users\shrav\OneDrive\Desktop\HIS Quasar\HIS_Quasar\hospital-his-backend\node_modules\express\lib\router\route.js:149:13)
    at Route.dispatch (C:\Users\shrav\OneDrive\Desktop\HIS Quasar\HIS_Quasar\hospital-his-backend\node_modules\express\lib\router\route.js:119:3)
    at Layer.handle [as handle_request] (C:\Users\shrav\OneDrive\Desktop\HIS Quasar\HIS_Quasar\hospital-his-backend\node_modules\express\lib\router\layer.js:95:5)
    at C:\Users\shrav\OneDrive\Desktop\HIS Quasar\HIS_Quasar\hospital-his-backend\node_modules\express\lib\router\index.js:284:15
    at router.process_params (C:\Users\shrav\OneDrive\Desktop\HIS Quasar\HIS_Quasar\hospital-his-backend\node_modules\express\lib\router\index.js:346:12)
    at next (C:\Users\shrav\OneDrive\Desktop\HIS Quasar\HIS_Quasar\hospital-his-backend\node_modules\express\lib\router\index.js:280:10)
    at C:\Users\shrav\OneDrive\Desktop\HIS Quasar\HIS_Quasar\hospital-his-backend\middleware\auth.middleware.js:46:9
    at process.processTicksAndRejections (node:internal/process/task_queues:103:5)
2026-01-20 22:52:51 [ERROR]: User role 'doctor' is not authorized to access this route
Error: User role 'doctor' is not authorized to access this route
    at C:\Users\shrav\OneDrive\Desktop\HIS Quasar\HIS_Quasar\hospital-his-backend\middleware\rbac.middleware.js:21:17
    at Layer.handle [as handle_request] (C:\Users\shrav\OneDrive\Desktop\HIS Quasar\HIS_Quasar\hospital-his-backend\node_modules\express\lib\router\layer.js:95:5)
    at next (C:\Users\shrav\OneDrive\Desktop\HIS Quasar\HIS_Quasar\hospital-his-backend\node_modules\express\lib\router\route.js:149:13)
    at Route.dispatch (C:\Users\shrav\OneDrive\Desktop\HIS Quasar\HIS_Quasar\hospital-his-backend\node_modules\express\lib\router\route.js:119:3)
    at Layer.handle [as handle_request] (C:\Users\shrav\OneDrive\Desktop\HIS Quasar\HIS_Quasar\hospital-his-backend\node_modules\express\lib\router\layer.js:95:5)
    at C:\Users\shrav\OneDrive\Desktop\HIS Quasar\HIS_Quasar\hospital-his-backend\node_modules\express\lib\router\index.js:284:15
    at router.process_params (C:\Users\shrav\OneDrive\Desktop\HIS Quasar\HIS_Quasar\hospital-his-backend\node_modules\express\lib\router\index.js:346:12)
    at next (C:\Users\shrav\OneDrive\Desktop\HIS Quasar\HIS_Quasar\hospital-his-backend\node_modules\express\lib\router\index.js:280:10)
    at C:\Users\shrav\OneDrive\Desktop\HIS Quasar\HIS_Quasar\hospital-his-backend\middleware\auth.middleware.js:46:9
    at process.processTicksAndRejections (node:internal/process/task_queues:103:5)
2026-01-20 22:52:51 [ERROR]: User role 'doctor' is not authorized to access this route
Error: User role 'doctor' is not authorized to access this route
    at C:\Users\shrav\OneDrive\Desktop\HIS Quasar\HIS_Quasar\hospital-his-backend\middleware\rbac.middleware.js:21:17
    at Layer.handle [as handle_request] (C:\Users\shrav\OneDrive\Desktop\HIS Quasar\HIS_Quasar\hospital-his-backend\node_modules\express\lib\router\layer.js:95:5)
    at next (C:\Users\shrav\OneDrive\Desktop\HIS Quasar\HIS_Quasar\hospital-his-backend\node_modules\express\lib\router\route.js:149:13)
    at Route.dispatch (C:\Users\shrav\OneDrive\Desktop\HIS Quasar\HIS_Quasar\hospital-his-backend\node_modules\express\lib\router\route.js:119:3)
    at Layer.handle [as handle_request] (C:\Users\shrav\OneDrive\Desktop\HIS Quasar\HIS_Quasar\hospital-his-backend\node_modules\express\lib\router\layer.js:95:5)
    at C:\Users\shrav\OneDrive\Desktop\HIS Quasar\HIS_Quasar\hospital-his-backend\node_modules\express\lib\router\index.js:284:15
    at router.process_params (C:\Users\shrav\OneDrive\Desktop\HIS Quasar\HIS_Quasar\hospital-his-backend\node_modules\express\lib\router\index.js:346:12)
    at next (C:\Users\shrav\OneDrive\Desktop\HIS Quasar\HIS_Quasar\hospital-his-backend\node_modules\express\lib\router\index.js:280:10)
    at C:\Users\shrav\OneDrive\Desktop\HIS Quasar\HIS_Quasar\hospital-his-backend\middleware\auth.middleware.js:46:9
    at process.processTicksAndRejections (node:internal/process/task_queues:103:5)
2026-01-20 22:52:51 [ERROR]: User role 'doctor' is not authorized to access this route
Error: User role 'doctor' is not authorized to access this route
    at C:\Users\shrav\OneDrive\Desktop\HIS Quasar\HIS_Quasar\hospital-his-backend\middleware\rbac.middleware.js:21:17
    at Layer.handle [as handle_request] (C:\Users\shrav\OneDrive\Desktop\HIS Quasar\HIS_Quasar\hospital-his-backend\node_modules\express\lib\router\layer.js:95:5)
    at next (C:\Users\shrav\OneDrive\Desktop\HIS Quasar\HIS_Quasar\hospital-his-backend\node_modules\express\lib\router\route.js:149:13)
    at Route.dispatch (C:\Users\shrav\OneDrive\Desktop\HIS Quasar\HIS_Quasar\hospital-his-backend\node_modules\express\lib\router\route.js:119:3)
    at Layer.handle [as handle_request] (C:\Users\shrav\OneDrive\Desktop\HIS Quasar\HIS_Quasar\hospital-his-backend\node_modules\express\lib\router\layer.js:95:5)
    at C:\Users\shrav\OneDrive\Desktop\HIS Quasar\HIS_Quasar\hospital-his-backend\node_modules\express\lib\router\index.js:284:15
    at router.process_params (C:\Users\shrav\OneDrive\Desktop\HIS Quasar\HIS_Quasar\hospital-his-backend\node_modules\express\lib\router\index.js:346:12)
    at next (C:\Users\shrav\OneDrive\Desktop\HIS Quasar\HIS_Quasar\hospital-his-backend\node_modules\express\lib\router\index.js:280:10)
    at C:\Users\shrav\OneDrive\Desktop\HIS Quasar\HIS_Quasar\hospital-his-backend\middleware\auth.middleware.js:46:9
    at process.processTicksAndRejections (node:internal/process/task_queues:103:5)
2026-01-20 22:52:51 [ERROR]: User role 'doctor' is not authorized to access this route
Error: User role 'doctor' is not authorized to access this route
    at C:\Users\shrav\OneDrive\Desktop\HIS Quasar\HIS_Quasar\hospital-his-backend\middleware\rbac.middleware.js:21:17
    at Layer.handle [as handle_request] (C:\Users\shrav\OneDrive\Desktop\HIS Quasar\HIS_Quasar\hospital-his-backend\node_modules\express\lib\router\layer.js:95:5)
    at next (C:\Users\shrav\OneDrive\Desktop\HIS Quasar\HIS_Quasar\hospital-his-backend\node_modules\express\lib\router\route.js:149:13)
    at Route.dispatch (C:\Users\shrav\OneDrive\Desktop\HIS Quasar\HIS_Quasar\hospital-his-backend\node_modules\express\lib\router\route.js:119:3)
    at Layer.handle [as handle_request] (C:\Users\shrav\OneDrive\Desktop\HIS Quasar\HIS_Quasar\hospital-his-backend\node_modules\express\lib\router\layer.js:95:5)
    at C:\Users\shrav\OneDrive\Desktop\HIS Quasar\HIS_Quasar\hospital-his-backend\node_modules\express\lib\router\index.js:284:15
    at router.process_params (C:\Users\shrav\OneDrive\Desktop\HIS Quasar\HIS_Quasar\hospital-his-backend\node_modules\express\lib\router\index.js:346:12)
    at next (C:\Users\shrav\OneDrive\Desktop\HIS Quasar\HIS_Quasar\hospital-his-backend\node_modules\express\lib\router\index.js:280:10)
    at C:\Users\shrav\OneDrive\Desktop\HIS Quasar\HIS_Quasar\hospital-his-backend\middleware\auth.middleware.js:46:9
    at process.processTicksAndRejections (node:internal/process/task_queues:103:5)
2026-01-21 16:32:58 [ERROR]: Error connecting to MongoDB: querySrv ECONNREFUSED _mongodb._tcp.cluster2.fs2fnzl.mongodb.net
2026-01-21 16:35:36 [ERROR]: Error connecting to MongoDB: querySrv ECONNREFUSED _mongodb._tcp.cluster2.fs2fnzl.mongodb.net
2026-01-21 16:39:02 [ERROR]: Error connecting to MongoDB: querySrv ECONNREFUSED _mongodb._tcp.cluster2.fs2fnzl.mongodb.net
2026-01-21 16:39:16 [ERROR]: Error connecting to MongoDB: querySrv ECONNREFUSED _mongodb._tcp.cluster2.fs2fnzl.mongodb.net
2026-01-21 16:44:52 [ERROR]: Error connecting to MongoDB: querySrv ECONNREFUSED _mongodb._tcp.cluster2.fs2fnzl.mongodb.net
2026-01-21 16:45:54 [ERROR]: Error connecting to MongoDB: querySrv ECONNREFUSED _mongodb._tcp.cluster2.fs2fnzl.mongodb.net
2026-01-21 16:46:12 [ERROR]: Error connecting to MongoDB: querySrv ECONNREFUSED _mongodb._tcp.cluster2.fs2fnzl.mongodb.net
2026-01-21 16:49:13 [ERROR]: Error connecting to MongoDB: connect ECONNREFUSED ::1:27017, connect ECONNREFUSED 127.0.0.1:27017
2026-01-21 16:50:12 [ERROR]: Error connecting to MongoDB: querySrv ECONNREFUSED _mongodb._tcp.cluster2.fs2fnzl.mongodb.net
2026-01-21 16:50:50 [ERROR]: Error connecting to MongoDB: querySrv ECONNREFUSED _mongodb._tcp.cluster2.fs2fnzl.mongodb.net
2026-01-21 17:02:44 [ERROR]: Error connecting to MongoDB: querySrv ECONNREFUSED _mongodb._tcp.cluster2.fs2fnzl.mongodb.net
2026-01-21 17:04:03 [ERROR]: Error connecting to MongoDB: querySrv ECONNREFUSED _mongodb._tcp.cluster2.fs2fnzl.mongodb.net
2026-01-21 17:09:09 [ERROR]: Error connecting to MongoDB: querySrv ECONNREFUSED _mongodb._tcp.cluster2.fs2fnzl.mongodb.net
2026-01-21 17:11:09 [ERROR]: Error connecting to MongoDB: Server selection timed out after 30000 ms
2026-01-21 17:20:25 [ERROR]: Invalid credentials
Error: Invalid credentials
    at C:\Users\SAKET\Desktop\Quasar2\HIS_Quasar\hospital-his-backend\controllers\auth.controller.js:24:21
    at process.processTicksAndRejections (node:internal/process/task_queues:103:5)
2026-01-21 17:20:27 [ERROR]: Invalid credentials
Error: Invalid credentials
    at C:\Users\SAKET\Desktop\Quasar2\HIS_Quasar\hospital-his-backend\controllers\auth.controller.js:24:21
    at process.processTicksAndRejections (node:internal/process/task_queues:103:5)
2026-01-21 17:20:28 [ERROR]: Invalid credentials
Error: Invalid credentials
    at C:\Users\SAKET\Desktop\Quasar2\HIS_Quasar\hospital-his-backend\controllers\auth.controller.js:24:21
    at process.processTicksAndRejections (node:internal/process/task_queues:103:5)
2026-01-21 17:22:03 [ERROR]: Invalid credentials
Error: Invalid credentials
    at C:\Users\SAKET\Desktop\Quasar2\HIS_Quasar\hospital-his-backend\controllers\auth.controller.js:24:21
    at process.processTicksAndRejections (node:internal/process/task_queues:103:5)
2026-01-21 17:22:05 [ERROR]: Invalid credentials
Error: Invalid credentials
    at C:\Users\SAKET\Desktop\Quasar2\HIS_Quasar\hospital-his-backend\controllers\auth.controller.js:24:21
    at process.processTicksAndRejections (node:internal/process/task_queues:103:5)
2026-01-21 17:22:06 [ERROR]: Invalid credentials
Error: Invalid credentials
    at C:\Users\SAKET\Desktop\Quasar2\HIS_Quasar\hospital-his-backend\controllers\auth.controller.js:24:21
    at process.processTicksAndRejections (node:internal/process/task_queues:103:5)
2026-01-21 17:22:19 [ERROR]: Invalid credentials
Error: Invalid credentials
    at C:\Users\SAKET\Desktop\Quasar2\HIS_Quasar\hospital-his-backend\controllers\auth.controller.js:24:21
    at process.processTicksAndRejections (node:internal/process/task_queues:103:5)
2026-01-21 17:22:20 [ERROR]: Invalid credentials
Error: Invalid credentials
    at C:\Users\SAKET\Desktop\Quasar2\HIS_Quasar\hospital-his-backend\controllers\auth.controller.js:24:21
    at process.processTicksAndRejections (node:internal/process/task_queues:103:5)
2026-01-21 17:22:27 [ERROR]: Invalid credentials
Error: Invalid credentials
    at C:\Users\SAKET\Desktop\Quasar2\HIS_Quasar\hospital-his-backend\controllers\auth.controller.js:24:21
    at process.processTicksAndRejections (node:internal/process/task_queues:103:5)
2026-01-21 17:31:46 [ERROR]: User role 'doctor' is not authorized to access this route
Error: User role 'doctor' is not authorized to access this route
    at C:\Users\SAKET\Desktop\Quasar2\HIS_Quasar\hospital-his-backend\middleware\rbac.middleware.js:21:17
    at Layer.handle [as handle_request] (C:\Users\SAKET\Desktop\Quasar2\HIS_Quasar\hospital-his-backend\node_modules\express\lib\router\layer.js:95:5)
    at next (C:\Users\SAKET\Desktop\Quasar2\HIS_Quasar\hospital-his-backend\node_modules\express\lib\router\route.js:149:13)
    at Route.dispatch (C:\Users\SAKET\Desktop\Quasar2\HIS_Quasar\hospital-his-backend\node_modules\express\lib\router\route.js:119:3)
    at Layer.handle [as handle_request] (C:\Users\SAKET\Desktop\Quasar2\HIS_Quasar\hospital-his-backend\node_modules\express\lib\router\layer.js:95:5)
    at C:\Users\SAKET\Desktop\Quasar2\HIS_Quasar\hospital-his-backend\node_modules\express\lib\router\index.js:284:15
    at param (C:\Users\SAKET\Desktop\Quasar2\HIS_Quasar\hospital-his-backend\node_modules\express\lib\router\index.js:365:14)
    at param (C:\Users\SAKET\Desktop\Quasar2\HIS_Quasar\hospital-his-backend\node_modules\express\lib\router\index.js:376:14)
    at router.process_params (C:\Users\SAKET\Desktop\Quasar2\HIS_Quasar\hospital-his-backend\node_modules\express\lib\router\index.js:421:3)
    at next (C:\Users\SAKET\Desktop\Quasar2\HIS_Quasar\hospital-his-backend\node_modules\express\lib\router\index.js:280:10)
2026-01-21 17:31:46 [ERROR]: User role 'doctor' is not authorized to access this route
Error: User role 'doctor' is not authorized to access this route
    at C:\Users\SAKET\Desktop\Quasar2\HIS_Quasar\hospital-his-backend\middleware\rbac.middleware.js:21:17
    at Layer.handle [as handle_request] (C:\Users\SAKET\Desktop\Quasar2\HIS_Quasar\hospital-his-backend\node_modules\express\lib\router\layer.js:95:5)
    at next (C:\Users\SAKET\Desktop\Quasar2\HIS_Quasar\hospital-his-backend\node_modules\express\lib\router\route.js:149:13)
    at Route.dispatch (C:\Users\SAKET\Desktop\Quasar2\HIS_Quasar\hospital-his-backend\node_modules\express\lib\router\route.js:119:3)
    at Layer.handle [as handle_request] (C:\Users\SAKET\Desktop\Quasar2\HIS_Quasar\hospital-his-backend\node_modules\express\lib\router\layer.js:95:5)
    at C:\Users\SAKET\Desktop\Quasar2\HIS_Quasar\hospital-his-backend\node_modules\express\lib\router\index.js:284:15
    at router.process_params (C:\Users\SAKET\Desktop\Quasar2\HIS_Quasar\hospital-his-backend\node_modules\express\lib\router\index.js:346:12)
    at next (C:\Users\SAKET\Desktop\Quasar2\HIS_Quasar\hospital-his-backend\node_modules\express\lib\router\index.js:280:10)
    at C:\Users\SAKET\Desktop\Quasar2\HIS_Quasar\hospital-his-backend\middleware\auth.middleware.js:46:9
    at process.processTicksAndRejections (node:internal/process/task_queues:103:5)
2026-01-21 17:31:46 [ERROR]: User role 'doctor' is not authorized to access this route
Error: User role 'doctor' is not authorized to access this route
    at C:\Users\SAKET\Desktop\Quasar2\HIS_Quasar\hospital-his-backend\middleware\rbac.middleware.js:21:17
    at Layer.handle [as handle_request] (C:\Users\SAKET\Desktop\Quasar2\HIS_Quasar\hospital-his-backend\node_modules\express\lib\router\layer.js:95:5)
    at next (C:\Users\SAKET\Desktop\Quasar2\HIS_Quasar\hospital-his-backend\node_modules\express\lib\router\route.js:149:13)
    at Route.dispatch (C:\Users\SAKET\Desktop\Quasar2\HIS_Quasar\hospital-his-backend\node_modules\express\lib\router\route.js:119:3)
    at Layer.handle [as handle_request] (C:\Users\SAKET\Desktop\Quasar2\HIS_Quasar\hospital-his-backend\node_modules\express\lib\router\layer.js:95:5)
    at C:\Users\SAKET\Desktop\Quasar2\HIS_Quasar\hospital-his-backend\node_modules\express\lib\router\index.js:284:15
    at router.process_params (C:\Users\SAKET\Desktop\Quasar2\HIS_Quasar\hospital-his-backend\node_modules\express\lib\router\index.js:346:12)
    at next (C:\Users\SAKET\Desktop\Quasar2\HIS_Quasar\hospital-his-backend\node_modules\express\lib\router\index.js:280:10)
    at C:\Users\SAKET\Desktop\Quasar2\HIS_Quasar\hospital-his-backend\middleware\auth.middleware.js:46:9
    at process.processTicksAndRejections (node:internal/process/task_queues:103:5)
2026-01-21 17:31:46 [ERROR]: User role 'doctor' is not authorized to access this route
Error: User role 'doctor' is not authorized to access this route
    at C:\Users\SAKET\Desktop\Quasar2\HIS_Quasar\hospital-his-backend\middleware\rbac.middleware.js:21:17
    at Layer.handle [as handle_request] (C:\Users\SAKET\Desktop\Quasar2\HIS_Quasar\hospital-his-backend\node_modules\express\lib\router\layer.js:95:5)
    at next (C:\Users\SAKET\Desktop\Quasar2\HIS_Quasar\hospital-his-backend\node_modules\express\lib\router\route.js:149:13)
    at Route.dispatch (C:\Users\SAKET\Desktop\Quasar2\HIS_Quasar\hospital-his-backend\node_modules\express\lib\router\route.js:119:3)
    at Layer.handle [as handle_request] (C:\Users\SAKET\Desktop\Quasar2\HIS_Quasar\hospital-his-backend\node_modules\express\lib\router\layer.js:95:5)
    at C:\Users\SAKET\Desktop\Quasar2\HIS_Quasar\hospital-his-backend\node_modules\express\lib\router\index.js:284:15
    at param (C:\Users\SAKET\Desktop\Quasar2\HIS_Quasar\hospital-his-backend\node_modules\express\lib\router\index.js:365:14)
    at param (C:\Users\SAKET\Desktop\Quasar2\HIS_Quasar\hospital-his-backend\node_modules\express\lib\router\index.js:376:14)
    at router.process_params (C:\Users\SAKET\Desktop\Quasar2\HIS_Quasar\hospital-his-backend\node_modules\express\lib\router\index.js:421:3)
    at next (C:\Users\SAKET\Desktop\Quasar2\HIS_Quasar\hospital-his-backend\node_modules\express\lib\router\index.js:280:10)
2026-01-21 17:32:46 [ERROR]: User role 'doctor' is not authorized to access this route
Error: User role 'doctor' is not authorized to access this route
    at C:\Users\SAKET\Desktop\Quasar2\HIS_Quasar\hospital-his-backend\middleware\rbac.middleware.js:21:17
    at Layer.handle [as handle_request] (C:\Users\SAKET\Desktop\Quasar2\HIS_Quasar\hospital-his-backend\node_modules\express\lib\router\layer.js:95:5)
    at next (C:\Users\SAKET\Desktop\Quasar2\HIS_Quasar\hospital-his-backend\node_modules\express\lib\router\route.js:149:13)
    at Route.dispatch (C:\Users\SAKET\Desktop\Quasar2\HIS_Quasar\hospital-his-backend\node_modules\express\lib\router\route.js:119:3)
    at Layer.handle [as handle_request] (C:\Users\SAKET\Desktop\Quasar2\HIS_Quasar\hospital-his-backend\node_modules\express\lib\router\layer.js:95:5)
    at C:\Users\SAKET\Desktop\Quasar2\HIS_Quasar\hospital-his-backend\node_modules\express\lib\router\index.js:284:15
    at router.process_params (C:\Users\SAKET\Desktop\Quasar2\HIS_Quasar\hospital-his-backend\node_modules\express\lib\router\index.js:346:12)
    at next (C:\Users\SAKET\Desktop\Quasar2\HIS_Quasar\hospital-his-backend\node_modules\express\lib\router\index.js:280:10)
    at C:\Users\SAKET\Desktop\Quasar2\HIS_Quasar\hospital-his-backend\middleware\auth.middleware.js:46:9
    at process.processTicksAndRejections (node:internal/process/task_queues:103:5)
2026-01-21 17:32:46 [ERROR]: User role 'doctor' is not authorized to access this route
Error: User role 'doctor' is not authorized to access this route
    at C:\Users\SAKET\Desktop\Quasar2\HIS_Quasar\hospital-his-backend\middleware\rbac.middleware.js:21:17
    at Layer.handle [as handle_request] (C:\Users\SAKET\Desktop\Quasar2\HIS_Quasar\hospital-his-backend\node_modules\express\lib\router\layer.js:95:5)
    at next (C:\Users\SAKET\Desktop\Quasar2\HIS_Quasar\hospital-his-backend\node_modules\express\lib\router\route.js:149:13)
    at Route.dispatch (C:\Users\SAKET\Desktop\Quasar2\HIS_Quasar\hospital-his-backend\node_modules\express\lib\router\route.js:119:3)
    at Layer.handle [as handle_request] (C:\Users\SAKET\Desktop\Quasar2\HIS_Quasar\hospital-his-backend\node_modules\express\lib\router\layer.js:95:5)
    at C:\Users\SAKET\Desktop\Quasar2\HIS_Quasar\hospital-his-backend\node_modules\express\lib\router\index.js:284:15
    at param (C:\Users\SAKET\Desktop\Quasar2\HIS_Quasar\hospital-his-backend\node_modules\express\lib\router\index.js:365:14)
    at param (C:\Users\SAKET\Desktop\Quasar2\HIS_Quasar\hospital-his-backend\node_modules\express\lib\router\index.js:376:14)
    at router.process_params (C:\Users\SAKET\Desktop\Quasar2\HIS_Quasar\hospital-his-backend\node_modules\express\lib\router\index.js:421:3)
    at next (C:\Users\SAKET\Desktop\Quasar2\HIS_Quasar\hospital-his-backend\node_modules\express\lib\router\index.js:280:10)
2026-01-21 17:32:46 [ERROR]: User role 'doctor' is not authorized to access this route
Error: User role 'doctor' is not authorized to access this route
    at C:\Users\SAKET\Desktop\Quasar2\HIS_Quasar\hospital-his-backend\middleware\rbac.middleware.js:21:17
    at Layer.handle [as handle_request] (C:\Users\SAKET\Desktop\Quasar2\HIS_Quasar\hospital-his-backend\node_modules\express\lib\router\layer.js:95:5)
    at next (C:\Users\SAKET\Desktop\Quasar2\HIS_Quasar\hospital-his-backend\node_modules\express\lib\router\route.js:149:13)
    at Route.dispatch (C:\Users\SAKET\Desktop\Quasar2\HIS_Quasar\hospital-his-backend\node_modules\express\lib\router\route.js:119:3)
    at Layer.handle [as handle_request] (C:\Users\SAKET\Desktop\Quasar2\HIS_Quasar\hospital-his-backend\node_modules\express\lib\router\layer.js:95:5)
    at C:\Users\SAKET\Desktop\Quasar2\HIS_Quasar\hospital-his-backend\node_modules\express\lib\router\index.js:284:15
    at router.process_params (C:\Users\SAKET\Desktop\Quasar2\HIS_Quasar\hospital-his-backend\node_modules\express\lib\router\index.js:346:12)
    at next (C:\Users\SAKET\Desktop\Quasar2\HIS_Quasar\hospital-his-backend\node_modules\express\lib\router\index.js:280:10)
    at C:\Users\SAKET\Desktop\Quasar2\HIS_Quasar\hospital-his-backend\middleware\auth.middleware.js:46:9
    at process.processTicksAndRejections (node:internal/process/task_queues:103:5)
2026-01-21 17:32:46 [ERROR]: User role 'doctor' is not authorized to access this route
Error: User role 'doctor' is not authorized to access this route
    at C:\Users\SAKET\Desktop\Quasar2\HIS_Quasar\hospital-his-backend\middleware\rbac.middleware.js:21:17
    at Layer.handle [as handle_request] (C:\Users\SAKET\Desktop\Quasar2\HIS_Quasar\hospital-his-backend\node_modules\express\lib\router\layer.js:95:5)
    at next (C:\Users\SAKET\Desktop\Quasar2\HIS_Quasar\hospital-his-backend\node_modules\express\lib\router\route.js:149:13)
    at Route.dispatch (C:\Users\SAKET\Desktop\Quasar2\HIS_Quasar\hospital-his-backend\node_modules\express\lib\router\route.js:119:3)
    at Layer.handle [as handle_request] (C:\Users\SAKET\Desktop\Quasar2\HIS_Quasar\hospital-his-backend\node_modules\express\lib\router\layer.js:95:5)
    at C:\Users\SAKET\Desktop\Quasar2\HIS_Quasar\hospital-his-backend\node_modules\express\lib\router\index.js:284:15
    at param (C:\Users\SAKET\Desktop\Quasar2\HIS_Quasar\hospital-his-backend\node_modules\express\lib\router\index.js:365:14)
    at param (C:\Users\SAKET\Desktop\Quasar2\HIS_Quasar\hospital-his-backend\node_modules\express\lib\router\index.js:376:14)
    at router.process_params (C:\Users\SAKET\Desktop\Quasar2\HIS_Quasar\hospital-his-backend\node_modules\express\lib\router\index.js:421:3)
    at next (C:\Users\SAKET\Desktop\Quasar2\HIS_Quasar\hospital-his-backend\node_modules\express\lib\router\index.js:280:10)
2026-01-21 17:32:48 [ERROR]: User role 'doctor' is not authorized to access this route
Error: User role 'doctor' is not authorized to access this route
    at C:\Users\SAKET\Desktop\Quasar2\HIS_Quasar\hospital-his-backend\middleware\rbac.middleware.js:21:17
    at Layer.handle [as handle_request] (C:\Users\SAKET\Desktop\Quasar2\HIS_Quasar\hospital-his-backend\node_modules\express\lib\router\layer.js:95:5)
    at next (C:\Users\SAKET\Desktop\Quasar2\HIS_Quasar\hospital-his-backend\node_modules\express\lib\router\route.js:149:13)
    at Route.dispatch (C:\Users\SAKET\Desktop\Quasar2\HIS_Quasar\hospital-his-backend\node_modules\express\lib\router\route.js:119:3)
    at Layer.handle [as handle_request] (C:\Users\SAKET\Desktop\Quasar2\HIS_Quasar\hospital-his-backend\node_modules\express\lib\router\layer.js:95:5)
    at C:\Users\SAKET\Desktop\Quasar2\HIS_Quasar\hospital-his-backend\node_modules\express\lib\router\index.js:284:15
    at router.process_params (C:\Users\SAKET\Desktop\Quasar2\HIS_Quasar\hospital-his-backend\node_modules\express\lib\router\index.js:346:12)
    at next (C:\Users\SAKET\Desktop\Quasar2\HIS_Quasar\hospital-his-backend\node_modules\express\lib\router\index.js:280:10)
    at C:\Users\SAKET\Desktop\Quasar2\HIS_Quasar\hospital-his-backend\middleware\auth.middleware.js:46:9
    at process.processTicksAndRejections (node:internal/process/task_queues:103:5)
2026-01-21 17:32:48 [ERROR]: User role 'doctor' is not authorized to access this route
Error: User role 'doctor' is not authorized to access this route
    at C:\Users\SAKET\Desktop\Quasar2\HIS_Quasar\hospital-his-backend\middleware\rbac.middleware.js:21:17
    at Layer.handle [as handle_request] (C:\Users\SAKET\Desktop\Quasar2\HIS_Quasar\hospital-his-backend\node_modules\express\lib\router\layer.js:95:5)
    at next (C:\Users\SAKET\Desktop\Quasar2\HIS_Quasar\hospital-his-backend\node_modules\express\lib\router\route.js:149:13)
    at Route.dispatch (C:\Users\SAKET\Desktop\Quasar2\HIS_Quasar\hospital-his-backend\node_modules\express\lib\router\route.js:119:3)
    at Layer.handle [as handle_request] (C:\Users\SAKET\Desktop\Quasar2\HIS_Quasar\hospital-his-backend\node_modules\express\lib\router\layer.js:95:5)
    at C:\Users\SAKET\Desktop\Quasar2\HIS_Quasar\hospital-his-backend\node_modules\express\lib\router\index.js:284:15
    at router.process_params (C:\Users\SAKET\Desktop\Quasar2\HIS_Quasar\hospital-his-backend\node_modules\express\lib\router\index.js:346:12)
    at next (C:\Users\SAKET\Desktop\Quasar2\HIS_Quasar\hospital-his-backend\node_modules\express\lib\router\index.js:280:10)
    at C:\Users\SAKET\Desktop\Quasar2\HIS_Quasar\hospital-his-backend\middleware\auth.middleware.js:46:9
    at process.processTicksAndRejections (node:internal/process/task_queues:103:5)
2026-01-21 17:32:48 [ERROR]: User role 'doctor' is not authorized to access this route
Error: User role 'doctor' is not authorized to access this route
    at C:\Users\SAKET\Desktop\Quasar2\HIS_Quasar\hospital-his-backend\middleware\rbac.middleware.js:21:17
    at Layer.handle [as handle_request] (C:\Users\SAKET\Desktop\Quasar2\HIS_Quasar\hospital-his-backend\node_modules\express\lib\router\layer.js:95:5)
    at next (C:\Users\SAKET\Desktop\Quasar2\HIS_Quasar\hospital-his-backend\node_modules\express\lib\router\route.js:149:13)
    at Route.dispatch (C:\Users\SAKET\Desktop\Quasar2\HIS_Quasar\hospital-his-backend\node_modules\express\lib\router\route.js:119:3)
    at Layer.handle [as handle_request] (C:\Users\SAKET\Desktop\Quasar2\HIS_Quasar\hospital-his-backend\node_modules\express\lib\router\layer.js:95:5)
    at C:\Users\SAKET\Desktop\Quasar2\HIS_Quasar\hospital-his-backend\node_modules\express\lib\router\index.js:284:15
    at router.process_params (C:\Users\SAKET\Desktop\Quasar2\HIS_Quasar\hospital-his-backend\node_modules\express\lib\router\index.js:346:12)
    at next (C:\Users\SAKET\Desktop\Quasar2\HIS_Quasar\hospital-his-backend\node_modules\express\lib\router\index.js:280:10)
    at C:\Users\SAKET\Desktop\Quasar2\HIS_Quasar\hospital-his-backend\middleware\auth.middleware.js:46:9
    at process.processTicksAndRejections (node:internal/process/task_queues:103:5)
2026-01-21 17:32:49 [ERROR]: User role 'doctor' is not authorized to access this route
Error: User role 'doctor' is not authorized to access this route
    at C:\Users\SAKET\Desktop\Quasar2\HIS_Quasar\hospital-his-backend\middleware\rbac.middleware.js:21:17
    at Layer.handle [as handle_request] (C:\Users\SAKET\Desktop\Quasar2\HIS_Quasar\hospital-his-backend\node_modules\express\lib\router\layer.js:95:5)
    at next (C:\Users\SAKET\Desktop\Quasar2\HIS_Quasar\hospital-his-backend\node_modules\express\lib\router\route.js:149:13)
    at Route.dispatch (C:\Users\SAKET\Desktop\Quasar2\HIS_Quasar\hospital-his-backend\node_modules\express\lib\router\route.js:119:3)
    at Layer.handle [as handle_request] (C:\Users\SAKET\Desktop\Quasar2\HIS_Quasar\hospital-his-backend\node_modules\express\lib\router\layer.js:95:5)
    at C:\Users\SAKET\Desktop\Quasar2\HIS_Quasar\hospital-his-backend\node_modules\express\lib\router\index.js:284:15
    at router.process_params (C:\Users\SAKET\Desktop\Quasar2\HIS_Quasar\hospital-his-backend\node_modules\express\lib\router\index.js:346:12)
    at next (C:\Users\SAKET\Desktop\Quasar2\HIS_Quasar\hospital-his-backend\node_modules\express\lib\router\index.js:280:10)
    at C:\Users\SAKET\Desktop\Quasar2\HIS_Quasar\hospital-his-backend\middleware\auth.middleware.js:46:9
    at process.processTicksAndRejections (node:internal/process/task_queues:103:5)
2026-01-21 17:34:30 [ERROR]: User role 'doctor' is not authorized to access this route
Error: User role 'doctor' is not authorized to access this route
    at C:\Users\SAKET\Desktop\Quasar2\HIS_Quasar\hospital-his-backend\middleware\rbac.middleware.js:21:17
    at Layer.handle [as handle_request] (C:\Users\SAKET\Desktop\Quasar2\HIS_Quasar\hospital-his-backend\node_modules\express\lib\router\layer.js:95:5)
    at next (C:\Users\SAKET\Desktop\Quasar2\HIS_Quasar\hospital-his-backend\node_modules\express\lib\router\route.js:149:13)
    at Route.dispatch (C:\Users\SAKET\Desktop\Quasar2\HIS_Quasar\hospital-his-backend\node_modules\express\lib\router\route.js:119:3)
    at Layer.handle [as handle_request] (C:\Users\SAKET\Desktop\Quasar2\HIS_Quasar\hospital-his-backend\node_modules\express\lib\router\layer.js:95:5)
    at C:\Users\SAKET\Desktop\Quasar2\HIS_Quasar\hospital-his-backend\node_modules\express\lib\router\index.js:284:15
    at router.process_params (C:\Users\SAKET\Desktop\Quasar2\HIS_Quasar\hospital-his-backend\node_modules\express\lib\router\index.js:346:12)
    at next (C:\Users\SAKET\Desktop\Quasar2\HIS_Quasar\hospital-his-backend\node_modules\express\lib\router\index.js:280:10)
    at C:\Users\SAKET\Desktop\Quasar2\HIS_Quasar\hospital-his-backend\middleware\auth.middleware.js:46:9
    at process.processTicksAndRejections (node:internal/process/task_queues:103:5)
2026-01-21 17:34:31 [ERROR]: User role 'doctor' is not authorized to access this route
Error: User role 'doctor' is not authorized to access this route
    at C:\Users\SAKET\Desktop\Quasar2\HIS_Quasar\hospital-his-backend\middleware\rbac.middleware.js:21:17
    at Layer.handle [as handle_request] (C:\Users\SAKET\Desktop\Quasar2\HIS_Quasar\hospital-his-backend\node_modules\express\lib\router\layer.js:95:5)
    at next (C:\Users\SAKET\Desktop\Quasar2\HIS_Quasar\hospital-his-backend\node_modules\express\lib\router\route.js:149:13)
    at Route.dispatch (C:\Users\SAKET\Desktop\Quasar2\HIS_Quasar\hospital-his-backend\node_modules\express\lib\router\route.js:119:3)
    at Layer.handle [as handle_request] (C:\Users\SAKET\Desktop\Quasar2\HIS_Quasar\hospital-his-backend\node_modules\express\lib\router\layer.js:95:5)
    at C:\Users\SAKET\Desktop\Quasar2\HIS_Quasar\hospital-his-backend\node_modules\express\lib\router\index.js:284:15
    at router.process_params (C:\Users\SAKET\Desktop\Quasar2\HIS_Quasar\hospital-his-backend\node_modules\express\lib\router\index.js:346:12)
    at next (C:\Users\SAKET\Desktop\Quasar2\HIS_Quasar\hospital-his-backend\node_modules\express\lib\router\index.js:280:10)
    at C:\Users\SAKET\Desktop\Quasar2\HIS_Quasar\hospital-his-backend\middleware\auth.middleware.js:46:9
    at process.processTicksAndRejections (node:internal/process/task_queues:103:5)
2026-01-21 17:34:32 [ERROR]: User role 'doctor' is not authorized to access this route
Error: User role 'doctor' is not authorized to access this route
    at C:\Users\SAKET\Desktop\Quasar2\HIS_Quasar\hospital-his-backend\middleware\rbac.middleware.js:21:17
    at Layer.handle [as handle_request] (C:\Users\SAKET\Desktop\Quasar2\HIS_Quasar\hospital-his-backend\node_modules\express\lib\router\layer.js:95:5)
    at next (C:\Users\SAKET\Desktop\Quasar2\HIS_Quasar\hospital-his-backend\node_modules\express\lib\router\route.js:149:13)
    at Route.dispatch (C:\Users\SAKET\Desktop\Quasar2\HIS_Quasar\hospital-his-backend\node_modules\express\lib\router\route.js:119:3)
    at Layer.handle [as handle_request] (C:\Users\SAKET\Desktop\Quasar2\HIS_Quasar\hospital-his-backend\node_modules\express\lib\router\layer.js:95:5)
    at C:\Users\SAKET\Desktop\Quasar2\HIS_Quasar\hospital-his-backend\node_modules\express\lib\router\index.js:284:15
    at router.process_params (C:\Users\SAKET\Desktop\Quasar2\HIS_Quasar\hospital-his-backend\node_modules\express\lib\router\index.js:346:12)
    at next (C:\Users\SAKET\Desktop\Quasar2\HIS_Quasar\hospital-his-backend\node_modules\express\lib\router\index.js:280:10)
    at C:\Users\SAKET\Desktop\Quasar2\HIS_Quasar\hospital-his-backend\middleware\auth.middleware.js:46:9
    at process.processTicksAndRejections (node:internal/process/task_queues:103:5)
2026-01-21 17:34:33 [ERROR]: User role 'doctor' is not authorized to access this route
Error: User role 'doctor' is not authorized to access this route
    at C:\Users\SAKET\Desktop\Quasar2\HIS_Quasar\hospital-his-backend\middleware\rbac.middleware.js:21:17
    at Layer.handle [as handle_request] (C:\Users\SAKET\Desktop\Quasar2\HIS_Quasar\hospital-his-backend\node_modules\express\lib\router\layer.js:95:5)
    at next (C:\Users\SAKET\Desktop\Quasar2\HIS_Quasar\hospital-his-backend\node_modules\express\lib\router\route.js:149:13)
    at Route.dispatch (C:\Users\SAKET\Desktop\Quasar2\HIS_Quasar\hospital-his-backend\node_modules\express\lib\router\route.js:119:3)
    at Layer.handle [as handle_request] (C:\Users\SAKET\Desktop\Quasar2\HIS_Quasar\hospital-his-backend\node_modules\express\lib\router\layer.js:95:5)
    at C:\Users\SAKET\Desktop\Quasar2\HIS_Quasar\hospital-his-backend\node_modules\express\lib\router\index.js:284:15
    at router.process_params (C:\Users\SAKET\Desktop\Quasar2\HIS_Quasar\hospital-his-backend\node_modules\express\lib\router\index.js:346:12)
    at next (C:\Users\SAKET\Desktop\Quasar2\HIS_Quasar\hospital-his-backend\node_modules\express\lib\router\index.js:280:10)
    at C:\Users\SAKET\Desktop\Quasar2\HIS_Quasar\hospital-his-backend\middleware\auth.middleware.js:46:9
    at process.processTicksAndRejections (node:internal/process/task_queues:103:5)
2026-01-21 17:34:51 [ERROR]: User role 'doctor' is not authorized to access this route
Error: User role 'doctor' is not authorized to access this route
    at C:\Users\SAKET\Desktop\Quasar2\HIS_Quasar\hospital-his-backend\middleware\rbac.middleware.js:21:17
    at Layer.handle [as handle_request] (C:\Users\SAKET\Desktop\Quasar2\HIS_Quasar\hospital-his-backend\node_modules\express\lib\router\layer.js:95:5)
    at next (C:\Users\SAKET\Desktop\Quasar2\HIS_Quasar\hospital-his-backend\node_modules\express\lib\router\route.js:149:13)
    at Route.dispatch (C:\Users\SAKET\Desktop\Quasar2\HIS_Quasar\hospital-his-backend\node_modules\express\lib\router\route.js:119:3)
    at Layer.handle [as handle_request] (C:\Users\SAKET\Desktop\Quasar2\HIS_Quasar\hospital-his-backend\node_modules\express\lib\router\layer.js:95:5)
    at C:\Users\SAKET\Desktop\Quasar2\HIS_Quasar\hospital-his-backend\node_modules\express\lib\router\index.js:284:15
    at router.process_params (C:\Users\SAKET\Desktop\Quasar2\HIS_Quasar\hospital-his-backend\node_modules\express\lib\router\index.js:346:12)
    at next (C:\Users\SAKET\Desktop\Quasar2\HIS_Quasar\hospital-his-backend\node_modules\express\lib\router\index.js:280:10)
    at C:\Users\SAKET\Desktop\Quasar2\HIS_Quasar\hospital-his-backend\middleware\auth.middleware.js:46:9
    at process.processTicksAndRejections (node:internal/process/task_queues:103:5)
2026-01-21 17:35:18 [ERROR]: User role 'doctor' is not authorized to access this route
Error: User role 'doctor' is not authorized to access this route
    at C:\Users\SAKET\Desktop\Quasar2\HIS_Quasar\hospital-his-backend\middleware\rbac.middleware.js:21:17
    at Layer.handle [as handle_request] (C:\Users\SAKET\Desktop\Quasar2\HIS_Quasar\hospital-his-backend\node_modules\express\lib\router\layer.js:95:5)
    at next (C:\Users\SAKET\Desktop\Quasar2\HIS_Quasar\hospital-his-backend\node_modules\express\lib\router\route.js:149:13)
    at Route.dispatch (C:\Users\SAKET\Desktop\Quasar2\HIS_Quasar\hospital-his-backend\node_modules\express\lib\router\route.js:119:3)
    at Layer.handle [as handle_request] (C:\Users\SAKET\Desktop\Quasar2\HIS_Quasar\hospital-his-backend\node_modules\express\lib\router\layer.js:95:5)
    at C:\Users\SAKET\Desktop\Quasar2\HIS_Quasar\hospital-his-backend\node_modules\express\lib\router\index.js:284:15
    at router.process_params (C:\Users\SAKET\Desktop\Quasar2\HIS_Quasar\hospital-his-backend\node_modules\express\lib\router\index.js:346:12)
    at next (C:\Users\SAKET\Desktop\Quasar2\HIS_Quasar\hospital-his-backend\node_modules\express\lib\router\index.js:280:10)
    at C:\Users\SAKET\Desktop\Quasar2\HIS_Quasar\hospital-his-backend\middleware\auth.middleware.js:46:9
    at process.processTicksAndRejections (node:internal/process/task_queues:103:5)
2026-01-21 17:35:19 [ERROR]: User role 'doctor' is not authorized to access this route
Error: User role 'doctor' is not authorized to access this route
    at C:\Users\SAKET\Desktop\Quasar2\HIS_Quasar\hospital-his-backend\middleware\rbac.middleware.js:21:17
    at Layer.handle [as handle_request] (C:\Users\SAKET\Desktop\Quasar2\HIS_Quasar\hospital-his-backend\node_modules\express\lib\router\layer.js:95:5)
    at next (C:\Users\SAKET\Desktop\Quasar2\HIS_Quasar\hospital-his-backend\node_modules\express\lib\router\route.js:149:13)
    at Route.dispatch (C:\Users\SAKET\Desktop\Quasar2\HIS_Quasar\hospital-his-backend\node_modules\express\lib\router\route.js:119:3)
    at Layer.handle [as handle_request] (C:\Users\SAKET\Desktop\Quasar2\HIS_Quasar\hospital-his-backend\node_modules\express\lib\router\layer.js:95:5)
    at C:\Users\SAKET\Desktop\Quasar2\HIS_Quasar\hospital-his-backend\node_modules\express\lib\router\index.js:284:15
    at router.process_params (C:\Users\SAKET\Desktop\Quasar2\HIS_Quasar\hospital-his-backend\node_modules\express\lib\router\index.js:346:12)
    at next (C:\Users\SAKET\Desktop\Quasar2\HIS_Quasar\hospital-his-backend\node_modules\express\lib\router\index.js:280:10)
    at C:\Users\SAKET\Desktop\Quasar2\HIS_Quasar\hospital-his-backend\middleware\auth.middleware.js:46:9
    at process.processTicksAndRejections (node:internal/process/task_queues:103:5)
2026-01-21 17:37:11 [ERROR]: unhandledRejection: createResponse is not a function
TypeError: createResponse is not a function
    at getAllOrderSets (C:\Users\SAKET\Desktop\Quasar2\HIS_Quasar\hospital-his-backend\controllers\orderSet.controller.js:28:13)
    at process.processTicksAndRejections (node:internal/process/task_queues:103:5)
TypeError: createResponse is not a function
    at getAllOrderSets (C:\Users\SAKET\Desktop\Quasar2\HIS_Quasar\hospital-his-backend\controllers\orderSet.controller.js:28:13)
    at process.processTicksAndRejections (node:internal/process/task_queues:103:5)
2026-01-21 17:38:16 [ERROR]: unhandledRejection: createResponse is not a function
TypeError: createResponse is not a function
    at getAllOrderSets (C:\Users\SAKET\Desktop\Quasar2\HIS_Quasar\hospital-his-backend\controllers\orderSet.controller.js:28:13)
    at process.processTicksAndRejections (node:internal/process/task_queues:103:5)
TypeError: createResponse is not a function
    at getAllOrderSets (C:\Users\SAKET\Desktop\Quasar2\HIS_Quasar\hospital-his-backend\controllers\orderSet.controller.js:28:13)
    at process.processTicksAndRejections (node:internal/process/task_queues:103:5)
2026-01-21 17:59:29 [ERROR]: Emergency validation failed: emergencyNumber: Path `emergencyNumber` is required., triageLevel: `2` is not a valid enum value for path `triageLevel`.
ValidationError: Emergency validation failed: emergencyNumber: Path `emergencyNumber` is required., triageLevel: `2` is not a valid enum value for path `triageLevel`.
    at Document.invalidate (C:\Users\SAKET\Desktop\Quasar2\HIS_Quasar\hospital-his-backend\node_modules\mongoose\lib\document.js:3221:32)
    at C:\Users\SAKET\Desktop\Quasar2\HIS_Quasar\hospital-his-backend\node_modules\mongoose\lib\document.js:3014:17
    at C:\Users\SAKET\Desktop\Quasar2\HIS_Quasar\hospital-his-backend\node_modules\mongoose\lib\schematype.js:1368:9
    at process.processTicksAndRejections (node:internal/process/task_queues:84:11)
2026-01-21 18:01:35 [ERROR]: Emergency validation failed: emergencyNumber: Path `emergencyNumber` is required.
ValidationError: Emergency validation failed: emergencyNumber: Path `emergencyNumber` is required.
    at Document.invalidate (C:\Users\SAKET\Desktop\Quasar2\HIS_Quasar\hospital-his-backend\node_modules\mongoose\lib\document.js:3221:32)
    at C:\Users\SAKET\Desktop\Quasar2\HIS_Quasar\hospital-his-backend\node_modules\mongoose\lib\document.js:3014:17
    at C:\Users\SAKET\Desktop\Quasar2\HIS_Quasar\hospital-his-backend\node_modules\mongoose\lib\schematype.js:1368:9
    at process.processTicksAndRejections (node:internal/process/task_queues:84:11)
2026-01-21 18:03:51 [ERROR]: Not authorized to access this route
Error: Not authorized to access this route
    at C:\Users\SAKET\Desktop\Quasar2\HIS_Quasar\hospital-his-backend\middleware\auth.middleware.js:28:21
    at C:\Users\SAKET\Desktop\Quasar2\HIS_Quasar\hospital-his-backend\utils\asyncHandler.js:7:21
    at Layer.handle [as handle_request] (C:\Users\SAKET\Desktop\Quasar2\HIS_Quasar\hospital-his-backend\node_modules\express\lib\router\layer.js:95:5)
    at trim_prefix (C:\Users\SAKET\Desktop\Quasar2\HIS_Quasar\hospital-his-backend\node_modules\express\lib\router\index.js:328:13)
    at C:\Users\SAKET\Desktop\Quasar2\HIS_Quasar\hospital-his-backend\node_modules\express\lib\router\index.js:286:9
    at router.process_params (C:\Users\SAKET\Desktop\Quasar2\HIS_Quasar\hospital-his-backend\node_modules\express\lib\router\index.js:346:12)
    at next (C:\Users\SAKET\Desktop\Quasar2\HIS_Quasar\hospital-his-backend\node_modules\express\lib\router\index.js:280:10)
    at router.handle (C:\Users\SAKET\Desktop\Quasar2\HIS_Quasar\hospital-his-backend\node_modules\express\lib\router\index.js:175:3)
    at router (C:\Users\SAKET\Desktop\Quasar2\HIS_Quasar\hospital-his-backend\node_modules\express\lib\router\index.js:47:12)
    at Layer.handle [as handle_request] (C:\Users\SAKET\Desktop\Quasar2\HIS_Quasar\hospital-his-backend\node_modules\express\lib\router\layer.js:95:5)
2026-01-21 18:04:02 [ERROR]: Emergency validation failed: emergencyNumber: Path `emergencyNumber` is required.
ValidationError: Emergency validation failed: emergencyNumber: Path `emergencyNumber` is required.
    at Document.invalidate (C:\Users\SAKET\Desktop\Quasar2\HIS_Quasar\hospital-his-backend\node_modules\mongoose\lib\document.js:3221:32)
    at C:\Users\SAKET\Desktop\Quasar2\HIS_Quasar\hospital-his-backend\node_modules\mongoose\lib\document.js:3014:17
    at C:\Users\SAKET\Desktop\Quasar2\HIS_Quasar\hospital-his-backend\node_modules\mongoose\lib\schematype.js:1368:9
    at process.processTicksAndRejections (node:internal/process/task_queues:84:11)
2026-01-21 18:06:45 [ERROR]: Emergency validation failed: emergencyNumber: Path `emergencyNumber` is required.
ValidationError: Emergency validation failed: emergencyNumber: Path `emergencyNumber` is required.
    at Document.invalidate (C:\Users\SAKET\Desktop\Quasar2\HIS_Quasar\hospital-his-backend\node_modules\mongoose\lib\document.js:3221:32)
    at C:\Users\SAKET\Desktop\Quasar2\HIS_Quasar\hospital-his-backend\node_modules\mongoose\lib\document.js:3014:17
    at C:\Users\SAKET\Desktop\Quasar2\HIS_Quasar\hospital-his-backend\node_modules\mongoose\lib\schematype.js:1368:9
    at process.processTicksAndRejections (node:internal/process/task_queues:84:11)
2026-01-21 18:10:06 [ERROR]: Emergency validation failed: emergencyNumber: Path `emergencyNumber` is required.
ValidationError: Emergency validation failed: emergencyNumber: Path `emergencyNumber` is required.
    at Document.invalidate (C:\Users\SAKET\Desktop\Quasar2\HIS_Quasar\hospital-his-backend\node_modules\mongoose\lib\document.js:3221:32)
    at C:\Users\SAKET\Desktop\Quasar2\HIS_Quasar\hospital-his-backend\node_modules\mongoose\lib\document.js:3014:17
    at C:\Users\SAKET\Desktop\Quasar2\HIS_Quasar\hospital-his-backend\node_modules\mongoose\lib\schematype.js:1368:9
    at process.processTicksAndRejections (node:internal/process/task_queues:84:11)
2026-01-21 18:14:21 [ERROR]: Expected property name or '}' in JSON at position 1 (line 1 column 2)
SyntaxError: Expected property name or '}' in JSON at position 1 (line 1 column 2)
    at JSON.parse (<anonymous>)
    at parse (C:\Users\SAKET\Desktop\Quasar2\HIS_Quasar\hospital-his-backend\node_modules\body-parser\lib\types\json.js:92:19)
    at C:\Users\SAKET\Desktop\Quasar2\HIS_Quasar\hospital-his-backend\node_modules\body-parser\lib\read.js:128:18
    at AsyncResource.runInAsyncScope (node:async_hooks:214:14)
    at invokeCallback (C:\Users\SAKET\Desktop\Quasar2\HIS_Quasar\hospital-his-backend\node_modules\raw-body\index.js:238:16)
    at done (C:\Users\SAKET\Desktop\Quasar2\HIS_Quasar\hospital-his-backend\node_modules\raw-body\index.js:227:7)
    at IncomingMessage.onEnd (C:\Users\SAKET\Desktop\Quasar2\HIS_Quasar\hospital-his-backend\node_modules\raw-body\index.js:287:7)
    at IncomingMessage.emit (node:events:508:28)
    at endReadableNT (node:internal/streams/readable:1701:12)
    at process.processTicksAndRejections (node:internal/process/task_queues:89:21)
2026-01-21 18:17:06 [ERROR]: Emergency validation failed: emergencyNumber: Path `emergencyNumber` is required.
ValidationError: Emergency validation failed: emergencyNumber: Path `emergencyNumber` is required.
    at Document.invalidate (C:\Users\SAKET\Desktop\Quasar2\HIS_Quasar\hospital-his-backend\node_modules\mongoose\lib\document.js:3221:32)
    at C:\Users\SAKET\Desktop\Quasar2\HIS_Quasar\hospital-his-backend\node_modules\mongoose\lib\document.js:3014:17
    at C:\Users\SAKET\Desktop\Quasar2\HIS_Quasar\hospital-his-backend\node_modules\mongoose\lib\schematype.js:1368:9
    at process.processTicksAndRejections (node:internal/process/task_queues:84:11)
2026-01-21 18:17:23 [ERROR]: Emergency validation failed: emergencyNumber: Path `emergencyNumber` is required.
ValidationError: Emergency validation failed: emergencyNumber: Path `emergencyNumber` is required.
    at Document.invalidate (C:\Users\SAKET\Desktop\Quasar2\HIS_Quasar\hospital-his-backend\node_modules\mongoose\lib\document.js:3221:32)
    at C:\Users\SAKET\Desktop\Quasar2\HIS_Quasar\hospital-his-backend\node_modules\mongoose\lib\document.js:3014:17
    at C:\Users\SAKET\Desktop\Quasar2\HIS_Quasar\hospital-his-backend\node_modules\mongoose\lib\schematype.js:1368:9
    at process.processTicksAndRejections (node:internal/process/task_queues:84:11)
2026-01-21 18:22:37 [ERROR]: User role 'doctor' is not authorized to access this route
Error: User role 'doctor' is not authorized to access this route
    at C:\Users\SAKET\Desktop\Quasar2\HIS_Quasar\hospital-his-backend\middleware\rbac.middleware.js:21:17
    at Layer.handle [as handle_request] (C:\Users\SAKET\Desktop\Quasar2\HIS_Quasar\hospital-his-backend\node_modules\express\lib\router\layer.js:95:5)
    at next (C:\Users\SAKET\Desktop\Quasar2\HIS_Quasar\hospital-his-backend\node_modules\express\lib\router\route.js:149:13)
    at Route.dispatch (C:\Users\SAKET\Desktop\Quasar2\HIS_Quasar\hospital-his-backend\node_modules\express\lib\router\route.js:119:3)
    at Layer.handle [as handle_request] (C:\Users\SAKET\Desktop\Quasar2\HIS_Quasar\hospital-his-backend\node_modules\express\lib\router\layer.js:95:5)
    at C:\Users\SAKET\Desktop\Quasar2\HIS_Quasar\hospital-his-backend\node_modules\express\lib\router\index.js:284:15
    at router.process_params (C:\Users\SAKET\Desktop\Quasar2\HIS_Quasar\hospital-his-backend\node_modules\express\lib\router\index.js:346:12)
    at next (C:\Users\SAKET\Desktop\Quasar2\HIS_Quasar\hospital-his-backend\node_modules\express\lib\router\index.js:280:10)
    at C:\Users\SAKET\Desktop\Quasar2\HIS_Quasar\hospital-his-backend\middleware\auth.middleware.js:50:9
    at process.processTicksAndRejections (node:internal/process/task_queues:103:5)
2026-01-21 18:22:37 [ERROR]: User role 'doctor' is not authorized to access this route
Error: User role 'doctor' is not authorized to access this route
    at C:\Users\SAKET\Desktop\Quasar2\HIS_Quasar\hospital-his-backend\middleware\rbac.middleware.js:21:17
    at Layer.handle [as handle_request] (C:\Users\SAKET\Desktop\Quasar2\HIS_Quasar\hospital-his-backend\node_modules\express\lib\router\layer.js:95:5)
    at next (C:\Users\SAKET\Desktop\Quasar2\HIS_Quasar\hospital-his-backend\node_modules\express\lib\router\route.js:149:13)
    at Route.dispatch (C:\Users\SAKET\Desktop\Quasar2\HIS_Quasar\hospital-his-backend\node_modules\express\lib\router\route.js:119:3)
    at Layer.handle [as handle_request] (C:\Users\SAKET\Desktop\Quasar2\HIS_Quasar\hospital-his-backend\node_modules\express\lib\router\layer.js:95:5)
    at C:\Users\SAKET\Desktop\Quasar2\HIS_Quasar\hospital-his-backend\node_modules\express\lib\router\index.js:284:15
    at router.process_params (C:\Users\SAKET\Desktop\Quasar2\HIS_Quasar\hospital-his-backend\node_modules\express\lib\router\index.js:346:12)
    at next (C:\Users\SAKET\Desktop\Quasar2\HIS_Quasar\hospital-his-backend\node_modules\express\lib\router\index.js:280:10)
    at C:\Users\SAKET\Desktop\Quasar2\HIS_Quasar\hospital-his-backend\middleware\auth.middleware.js:50:9
    at process.processTicksAndRejections (node:internal/process/task_queues:103:5)
2026-01-21 18:22:37 [ERROR]: User role 'doctor' is not authorized to access this route
Error: User role 'doctor' is not authorized to access this route
    at C:\Users\SAKET\Desktop\Quasar2\HIS_Quasar\hospital-his-backend\middleware\rbac.middleware.js:21:17
    at Layer.handle [as handle_request] (C:\Users\SAKET\Desktop\Quasar2\HIS_Quasar\hospital-his-backend\node_modules\express\lib\router\layer.js:95:5)
    at next (C:\Users\SAKET\Desktop\Quasar2\HIS_Quasar\hospital-his-backend\node_modules\express\lib\router\route.js:149:13)
    at Route.dispatch (C:\Users\SAKET\Desktop\Quasar2\HIS_Quasar\hospital-his-backend\node_modules\express\lib\router\route.js:119:3)
    at Layer.handle [as handle_request] (C:\Users\SAKET\Desktop\Quasar2\HIS_Quasar\hospital-his-backend\node_modules\express\lib\router\layer.js:95:5)
    at C:\Users\SAKET\Desktop\Quasar2\HIS_Quasar\hospital-his-backend\node_modules\express\lib\router\index.js:284:15
    at router.process_params (C:\Users\SAKET\Desktop\Quasar2\HIS_Quasar\hospital-his-backend\node_modules\express\lib\router\index.js:346:12)
    at next (C:\Users\SAKET\Desktop\Quasar2\HIS_Quasar\hospital-his-backend\node_modules\express\lib\router\index.js:280:10)
    at C:\Users\SAKET\Desktop\Quasar2\HIS_Quasar\hospital-his-backend\middleware\auth.middleware.js:50:9
    at process.processTicksAndRejections (node:internal/process/task_queues:103:5)
2026-01-21 18:22:37 [ERROR]: User role 'doctor' is not authorized to access this route
Error: User role 'doctor' is not authorized to access this route
    at C:\Users\SAKET\Desktop\Quasar2\HIS_Quasar\hospital-his-backend\middleware\rbac.middleware.js:21:17
    at Layer.handle [as handle_request] (C:\Users\SAKET\Desktop\Quasar2\HIS_Quasar\hospital-his-backend\node_modules\express\lib\router\layer.js:95:5)
    at next (C:\Users\SAKET\Desktop\Quasar2\HIS_Quasar\hospital-his-backend\node_modules\express\lib\router\route.js:149:13)
    at Route.dispatch (C:\Users\SAKET\Desktop\Quasar2\HIS_Quasar\hospital-his-backend\node_modules\express\lib\router\route.js:119:3)
    at Layer.handle [as handle_request] (C:\Users\SAKET\Desktop\Quasar2\HIS_Quasar\hospital-his-backend\node_modules\express\lib\router\layer.js:95:5)
    at C:\Users\SAKET\Desktop\Quasar2\HIS_Quasar\hospital-his-backend\node_modules\express\lib\router\index.js:284:15
    at router.process_params (C:\Users\SAKET\Desktop\Quasar2\HIS_Quasar\hospital-his-backend\node_modules\express\lib\router\index.js:346:12)
    at next (C:\Users\SAKET\Desktop\Quasar2\HIS_Quasar\hospital-his-backend\node_modules\express\lib\router\index.js:280:10)
    at C:\Users\SAKET\Desktop\Quasar2\HIS_Quasar\hospital-his-backend\middleware\auth.middleware.js:50:9
    at process.processTicksAndRejections (node:internal/process/task_queues:103:5)
2026-01-21 18:31:09 [ERROR]: Please provide email and password
Error: Please provide email and password
    at C:\Users\SAKET\Desktop\Quasar2\HIS_Quasar\hospital-his-backend\controllers\auth.controller.js:17:21
    at C:\Users\SAKET\Desktop\Quasar2\HIS_Quasar\hospital-his-backend\utils\asyncHandler.js:7:21
    at Layer.handle [as handle_request] (C:\Users\SAKET\Desktop\Quasar2\HIS_Quasar\hospital-his-backend\node_modules\express\lib\router\layer.js:95:5)
    at next (C:\Users\SAKET\Desktop\Quasar2\HIS_Quasar\hospital-his-backend\node_modules\express\lib\router\route.js:149:13)
    at Route.dispatch (C:\Users\SAKET\Desktop\Quasar2\HIS_Quasar\hospital-his-backend\node_modules\express\lib\router\route.js:119:3)
    at Layer.handle [as handle_request] (C:\Users\SAKET\Desktop\Quasar2\HIS_Quasar\hospital-his-backend\node_modules\express\lib\router\layer.js:95:5)
    at C:\Users\SAKET\Desktop\Quasar2\HIS_Quasar\hospital-his-backend\node_modules\express\lib\router\index.js:284:15
    at router.process_params (C:\Users\SAKET\Desktop\Quasar2\HIS_Quasar\hospital-his-backend\node_modules\express\lib\router\index.js:346:12)
    at next (C:\Users\SAKET\Desktop\Quasar2\HIS_Quasar\hospital-his-backend\node_modules\express\lib\router\index.js:280:10)
    at router.handle (C:\Users\SAKET\Desktop\Quasar2\HIS_Quasar\hospital-his-backend\node_modules\express\lib\router\index.js:175:3)
2026-01-21 18:43:31 [ERROR]: dispenseLog is not defined
ReferenceError: dispenseLog is not defined
    at C:\Users\SAKET\Desktop\Quasar2\HIS_Quasar\hospital-his-backend\controllers\pharmacy.controller.js:332:18
    at process.processTicksAndRejections (node:internal/process/task_queues:103:5)
